date,budget_starting,money_in,money_out,reason
2026-06-01,5000.0,1500.0,0.0,Monthly Salary
2026-06-02,6500.0,0.0,45.0,Groceries
2026-06-03,6455.0,0.0,120.5,Utilities Bill
2026-06-04,6334.5,250.0,0.0,Freelance Project
2026-06-05,6584.5,0.0,15.99,Coffee and Snacks
2026-09-17,6568.51,51.98,0.0,POS Checkout (1 items)
2026-09-17,6620.49,0.0,50.0,Test Operational Bill
2026-09-17,6570.49,100.0,0.0,Test Deposit
2026-09-17,6670.49,79.99,0.0,POS Checkout (1 items)
2026-09-17,6750.48,25.99,0.0,POS Checkout (1 items)
2026-09-17,6776.469999999999,25.99,0.0,POS Checkout (1 items)
2026-09-17,6802.459999999999,25.99,0.0,POS Checkout (1 items)
2026-09-17,6828.449999999999,25.99,0.0,POS Checkout (1 items)
2026-09-17,6854.439999999999,25.99,0.0,POS Checkout (1 items)
2026-09-17,6880.4299999999985,25.99,0.0,POS Checkout (1 items)
2026-09-17,6906.419999999998,25.99,0.0,POS Checkout (1 items)
2026-09-17,6932.409999999998,25.99,0.0,POS Checkout (1 items)
2026-09-17,6958.399999999998,25.99,0.0,POS Checkout (1 items)
2026-09-17,6984.389999999998,25.99,0.0,POS Checkout (1 items)
2026-09-17,7010.379999999997,25.99,0.0,POS Checkout (1 items)
2026-09-17,7036.369999999997,25.99,0.0,POS Checkout (1 items)
2026-09-17,7062.359999999997,25.99,0.0,POS Checkout (1 items)
2026-09-17,7088.349999999997,25.99,0.0,POS Checkout (1 items)
2026-09-17,7114.3399999999965,25.99,0.0,POS Checkout (1 items)
2026-09-17,7140.329999999996,25.99,0.0,POS Checkout (1 items)
2026-09-17,7166.319999999996,25.99,0.0,POS Checkout (1 items)
2026-09-17,7192.309999999996,25.99,0.0,POS Checkout (1 items)
2026-09-17,7218.299999999996,25.99,0.0,POS Checkout (1 items)
2026-09-17,7244.289999999995,25.99,0.0,POS Checkout (1 items)
2026-09-17,7270.279999999995,25.99,0.0,POS Checkout (1 items)
2026-09-17,7296.269999999995,25.99,0.0,POS Checkout (1 items)
2026-09-17,7322.259999999995,25.99,0.0,POS Checkout (1 items)
2026-09-17,7348.2499999999945,25.99,0.0,POS Checkout (1 items)
2026-09-17,7374.239999999994,25.99,0.0,POS Checkout (1 items)
2026-09-17,7400.229999999994,25.99,0.0,POS Checkout (1 items)
2026-09-17,7426.219999999994,25.99,0.0,POS Checkout (1 items)
2026-09-17,7452.209999999994,25.99,0.0,POS Checkout (1 items)
2026-09-17,7478.199999999993,25.99,0.0,POS Checkout (1 items)
2026-09-17,7504.189999999993,25.99,0.0,POS Checkout (1 items)
2026-09-17,7530.179999999993,25.99,0.0,POS Checkout (1 items)
2026-09-17,7556.169999999993,25.99,0.0,POS Checkout (1 items)
2026-09-17,7582.159999999993,25.99,0.0,POS Checkout (1 items)
2026-09-17,7608.149999999992,25.99,0.0,POS Checkout (1 items)
2026-09-17,7634.139999999992,25.99,0.0,POS Checkout (1 items)
2026-09-17,7660.129999999992,25.99,0.0,POS Checkout (1 items)
2026-09-17,7686.119999999992,25.99,0.0,POS Checkout (1 items)
2026-09-17,7712.1099999999915,25.99,0.0,POS Checkout (1 items)
2026-09-17,7738.099999999991,25.99,0.0,POS Checkout (1 items)
2026-09-17,7764.089999999991,25.99,0.0,POS Checkout (1 items)
2026-09-17,7790.079999999991,25.99,0.0,POS Checkout (1 items)
2026-09-17,7816.069999999991,25.99,0.0,POS Checkout (1 items)
2026-09-17,7842.05999999999,25.99,0.0,POS Checkout (1 items)
2026-09-17,7868.04999999999,25.99,0.0,POS Checkout (1 items)
2026-09-17,7894.03999999999,25.99,0.0,POS Checkout (1 items)
2026-09-17,7920.02999999999,25.99,0.0,POS Checkout (1 items)
2026-09-17,7946.0199999999895,25.99,0.0,POS Checkout (1 items)
2026-09-17,7972.009999999989,25.99,0.0,POS Checkout (1 items)
2026-09-17,7997.999999999989,25.99,0.0,POS Checkout (1 items)
2026-09-17,8023.989999999989,25.99,0.0,POS Checkout (1 items)
2026-09-17,8049.979999999989,25.99,0.0,POS Checkout (1 items)
2026-09-17,8075.969999999988,25.99,0.0,POS Checkout (1 items)
2026-09-17,8101.959999999988,25.99,0.0,POS Checkout (1 items)
2026-09-17,8127.949999999988,25.99,0.0,POS Checkout (1 items)
2026-09-17,8153.939999999988,25.99,0.0,POS Checkout (1 items)
2026-09-17,8179.929999999988,25.99,0.0,POS Checkout (1 items)
2026-09-17,8205.919999999987,25.99,0.0,POS Checkout (1 items)
2026-09-17,8231.909999999987,25.99,0.0,POS Checkout (1 items)
2026-09-17,8257.899999999987,25.99,0.0,POS Checkout (1 items)
2026-09-17,8283.889999999987,25.99,0.0,POS Checkout (1 items)
2026-09-17,8309.879999999986,25.99,0.0,POS Checkout (1 items)
2026-09-17,8335.869999999986,25.99,0.0,POS Checkout (1 items)
2026-09-17,8361.859999999986,25.99,0.0,POS Checkout (1 items)
2026-09-17,8387.849999999986,25.99,0.0,POS Checkout (1 items)
2026-09-17,8413.839999999986,25.99,0.0,POS Checkout (1 items)
2026-09-17,8439.829999999985,25.99,0.0,POS Checkout (1 items)
2026-09-17,8465.819999999985,25.99,0.0,POS Checkout (1 items)
2026-09-17,8491.809999999985,25.99,0.0,POS Checkout (1 items)
2026-09-17,8517.799999999985,25.99,0.0,POS Checkout (1 items)
2026-09-17,8543.789999999985,25.99,0.0,POS Checkout (1 items)
2026-09-17,8569.779999999984,25.99,0.0,POS Checkout (1 items)
2026-09-17,8595.769999999984,25.99,0.0,POS Checkout (1 items)
2026-09-17,8621.759999999984,25.99,0.0,POS Checkout (1 items)
2026-09-17,8647.749999999984,25.99,0.0,POS Checkout (1 items)
2026-09-17,8673.739999999983,25.99,0.0,POS Checkout (1 items)
2026-09-17,8699.729999999983,25.99,0.0,POS Checkout (1 items)
2026-09-17,8725.719999999983,25.99,0.0,POS Checkout (1 items)
2026-09-17,8751.709999999983,25.99,0.0,POS Checkout (1 items)
2026-09-17,8777.699999999983,25.99,0.0,POS Checkout (1 items)
2026-09-17,8803.689999999982,25.99,0.0,POS Checkout (1 items)
2026-09-17,8829.679999999982,25.99,0.0,POS Checkout (1 items)
2026-09-17,8855.669999999982,25.99,0.0,POS Checkout (1 items)
2026-09-17,8881.659999999982,25.99,0.0,POS Checkout (1 items)
2026-09-17,8907.649999999981,25.99,0.0,POS Checkout (1 items)
2026-09-17,8933.639999999981,25.99,0.0,POS Checkout (1 items)
2026-09-17,8959.629999999981,25.99,0.0,POS Checkout (1 items)
2026-09-17,8985.61999999998,25.99,0.0,POS Checkout (1 items)
2026-09-17,9011.60999999998,25.99,0.0,POS Checkout (1 items)
2026-09-17,9037.59999999998,25.99,0.0,POS Checkout (1 items)
2026-09-17,9063.58999999998,25.99,0.0,POS Checkout (1 items)
2026-09-17,9089.57999999998,25.99,0.0,POS Checkout (1 items)
2026-09-17,9115.56999999998,25.99,0.0,POS Checkout (1 items)
2026-09-17,9141.55999999998,25.99,0.0,POS Checkout (1 items)
2026-09-17,9167.54999999998,25.99,0.0,POS Checkout (1 items)
2026-09-17,9193.539999999979,25.99,0.0,POS Checkout (1 items)
2026-09-17,9219.529999999979,25.99,0.0,POS Checkout (1 items)
2026-09-17,9245.519999999979,25.99,0.0,POS Checkout (1 items)
2026-09-17,9271.509999999978,25.99,0.0,POS Checkout (1 items)
2026-09-17,9297.499999999978,25.99,0.0,POS Checkout (1 items)
2026-09-17,9323.489999999978,25.99,0.0,POS Checkout (1 items)
2026-09-17,9349.479999999978,25.99,0.0,POS Checkout (1 items)
2026-09-17,9375.469999999978,25.99,0.0,POS Checkout (1 items)
2026-09-17,9401.459999999977,25.99,0.0,POS Checkout (1 items)
2026-09-17,9427.449999999977,25.99,0.0,POS Checkout (1 items)
2026-09-17,9453.439999999977,25.99,0.0,POS Checkout (1 items)
2026-09-17,9479.429999999977,25.99,0.0,POS Checkout (1 items)
2026-09-17,9505.419999999976,25.99,0.0,POS Checkout (1 items)
2026-09-17,9531.409999999976,25.99,0.0,POS Checkout (1 items)
2026-09-17,9557.399999999976,25.99,0.0,POS Checkout (1 items)
2026-09-17,9583.389999999976,25.99,0.0,POS Checkout (1 items)
2026-09-17,9609.379999999976,25.99,0.0,POS Checkout (1 items)
2026-09-17,9635.369999999975,25.99,0.0,POS Checkout (1 items)
2026-09-17,9661.359999999975,25.99,0.0,POS Checkout (1 items)
2026-09-17,9687.349999999975,25.99,0.0,POS Checkout (1 items)
2026-09-17,9713.339999999975,25.99,0.0,POS Checkout (1 items)
2026-09-17,9739.329999999974,25.99,0.0,POS Checkout (1 items)
2026-09-17,9765.319999999974,25.99,0.0,POS Checkout (1 items)
2026-09-17,9791.309999999974,25.99,0.0,POS Checkout (1 items)
2026-09-17,9817.299999999974,25.99,0.0,POS Checkout (1 items)
2026-09-17,9843.289999999974,25.99,0.0,POS Checkout (1 items)
2026-09-17,9869.279999999973,25.99,0.0,POS Checkout (1 items)
2026-09-17,9895.269999999973,25.99,0.0,POS Checkout (1 items)
2026-09-17,9921.259999999973,25.99,0.0,POS Checkout (1 items)
2026-09-17,9947.249999999973,25.99,0.0,POS Checkout (1 items)
2026-09-17,9973.239999999972,25.99,0.0,POS Checkout (1 items)
2026-09-17,9999.229999999972,25.99,0.0,POS Checkout (1 items)
2026-09-17,10025.219999999972,25.99,0.0,POS Checkout (1 items)
2026-09-17,10051.209999999972,25.99,0.0,POS Checkout (1 items)
2026-09-17,10077.199999999972,25.99,0.0,POS Checkout (1 items)
2026-09-17,10103.189999999971,25.99,0.0,POS Checkout (1 items)
2026-09-17,10129.179999999971,25.99,0.0,POS Checkout (1 items)
2026-09-17,10155.169999999971,25.99,0.0,POS Checkout (1 items)
2026-09-17,10181.15999999997,25.99,0.0,POS Checkout (1 items)
2026-09-17,10207.14999999997,25.99,0.0,POS Checkout (1 items)
2026-09-17,10233.13999999997,25.99,0.0,POS Checkout (1 items)
2026-09-17,10259.12999999997,25.99,0.0,POS Checkout (1 items)
2026-09-17,10285.11999999997,25.99,0.0,POS Checkout (1 items)
2026-09-17,10311.10999999997,25.99,0.0,POS Checkout (1 items)
2026-09-17,10337.09999999997,25.99,0.0,POS Checkout (1 items)
2026-09-17,10363.08999999997,25.99,0.0,POS Checkout (1 items)
2026-09-17,10389.079999999969,25.99,0.0,POS Checkout (1 items)
2026-09-17,10415.069999999969,25.99,0.0,POS Checkout (1 items)
2026-09-17,10441.059999999969,25.99,0.0,POS Checkout (1 items)
2026-09-17,10467.049999999968,25.99,0.0,POS Checkout (1 items)
2026-09-17,10493.039999999968,25.99,0.0,POS Checkout (1 items)
2026-09-17,10519.029999999968,25.99,0.0,POS Checkout (1 items)
2026-09-17,10545.019999999968,25.99,0.0,POS Checkout (1 items)
2026-09-17,10571.009999999967,25.99,0.0,POS Checkout (1 items)
2026-09-17,10596.999999999967,25.99,0.0,POS Checkout (1 items)
2026-09-17,10622.989999999967,199.99,0.0,POS Checkout (1 items)
2026-09-17,10822.979999999967,25.99,0.0,POS Checkout (1 items)
2026-09-17,10848.969999999967,299.5,0.0,POS Checkout (1 items)
2026-09-17,11148.469999999967,79.99,0.0,POS Checkout (1 items)
2026-09-17,11228.459999999966,25.99,0.0,POS Checkout (1 items)
2026-09-17,11254.449999999966,19.99,0.0,POS Checkout (1 items)
2026-09-17,11274.439999999966,79.99,0.0,POS Checkout (1 items)
2026-09-17,11354.429999999966,199.99,0.0,POS Checkout (1 items)
2026-09-17,11554.419999999966,299.5,0.0,POS Checkout (1 items)
2026-09-17,11853.919999999966,299.5,0.0,POS Checkout (1 items)
2026-09-17,12153.419999999966,199.99,0.0,POS Checkout (1 items)
2026-09-17,12353.409999999965,199.99,0.0,POS Checkout (1 items)
2026-09-17,12553.399999999965,25.99,0.0,POS Checkout (1 items)
2026-09-17,12579.389999999965,19.99,0.0,POS Checkout (1 items)
2026-09-17,12599.379999999965,299.5,0.0,POS Checkout (1 items)
2026-09-17,12898.879999999965,25.99,0.0,POS Checkout (1 items)
2026-09-17,12924.869999999964,299.5,0.0,POS Checkout (1 items)
2026-09-17,13224.369999999964,25.99,0.0,POS Checkout (1 items)
2026-09-17,13250.359999999964,79.99,0.0,POS Checkout (1 items)
2026-09-17,13330.349999999964,19.99,0.0,POS Checkout (1 items)
2026-09-17,13350.339999999964,79.99,0.0,POS Checkout (1 items)
2026-09-17,13430.329999999964,199.99,0.0,POS Checkout (1 items)
2026-09-17,13630.319999999963,19.99,0.0,POS Checkout (1 items)
2026-09-17,13650.309999999963,299.5,0.0,POS Checkout (1 items)
2026-09-17,13949.809999999963,19.99,0.0,POS Checkout (1 items)
2026-09-17,13969.799999999963,299.5,0.0,POS Checkout (1 items)
2026-09-17,14269.299999999963,199.99,0.0,POS Checkout (1 items)
2026-09-17,14469.289999999963,19.99,0.0,POS Checkout (1 items)
2026-09-17,14489.279999999962,19.99,0.0,POS Checkout (1 items)
2026-09-17,14509.269999999962,79.99,0.0,POS Checkout (1 items)
2026-09-17,14589.259999999962,25.99,0.0,POS Checkout (1 items)
2026-09-17,14615.249999999962,79.99,0.0,POS Checkout (1 items)
2026-09-17,14695.239999999962,299.5,0.0,POS Checkout (1 items)
2026-09-17,14994.739999999962,199.99,0.0,POS Checkout (1 items)
2026-09-17,15194.729999999961,79.99,0.0,POS Checkout (1 items)
2026-09-17,15274.719999999961,299.5,0.0,POS Checkout (1 items)
2026-09-17,15574.219999999961,25.99,0.0,POS Checkout (1 items)
2026-09-17,15600.209999999961,19.99,0.0,POS Checkout (1 items)
2026-09-17,15620.19999999996,199.99,0.0,POS Checkout (1 items)
2026-09-17,15820.18999999996,79.99,0.0,POS Checkout (1 items)
2026-09-17,15900.17999999996,199.99,0.0,POS Checkout (1 items)
2026-09-17,16100.16999999996,19.99,0.0,POS Checkout (1 items)
2026-09-17,16120.15999999996,25.99,0.0,POS Checkout (1 items)
2026-09-17,16146.14999999996,199.99,0.0,POS Checkout (1 items)
2026-09-17,16346.13999999996,25.99,0.0,POS Checkout (1 items)
2026-09-17,16372.12999999996,25.99,0.0,POS Checkout (1 items)
2026-09-17,16398.11999999996,299.5,0.0,POS Checkout (1 items)
2026-09-17,16697.61999999996,199.99,0.0,POS Checkout (1 items)
2026-09-17,16897.60999999996,25.99,0.0,POS Checkout (1 items)
2026-09-17,16923.599999999962,79.99,0.0,POS Checkout (1 items)
2026-09-17,17003.589999999964,79.99,0.0,POS Checkout (1 items)
2026-09-17,17083.579999999965,25.99,0.0,POS Checkout (1 items)
2026-09-17,17109.569999999967,299.5,0.0,POS Checkout (1 items)
2026-09-17,17409.069999999967,299.5,0.0,POS Checkout (1 items)
2026-09-17,17708.569999999967,19.99,0.0,POS Checkout (1 items)
2026-09-17,17728.55999999997,25.99,0.0,POS Checkout (1 items)
2026-09-17,17754.54999999997,299.5,0.0,POS Checkout (1 items)
2026-09-17,18054.04999999997,79.99,0.0,POS Checkout (1 items)
2026-09-17,18134.03999999997,19.99,0.0,POS Checkout (1 items)
2026-09-17,18154.029999999973,299.5,0.0,POS Checkout (1 items)
2026-09-17,18453.529999999973,19.99,0.0,POS Checkout (1 items)
2026-09-17,18473.519999999975,199.99,0.0,POS Checkout (1 items)
2026-09-17,18673.509999999977,299.5,0.0,POS Checkout (1 items)
2026-09-17,18973.009999999977,19.99,0.0,POS Checkout (1 items)
2026-09-17,18992.999999999978,79.99,0.0,POS Checkout (1 items)
2026-09-17,19072.98999999998,79.99,0.0,POS Checkout (1 items)
2026-09-17,19152.97999999998,25.99,0.0,POS Checkout (1 items)
2026-09-17,19178.969999999983,299.5,0.0,POS Checkout (1 items)
2026-09-17,19478.469999999983,19.99,0.0,POS Checkout (1 items)
2026-09-17,19498.459999999985,19.99,0.0,POS Checkout (1 items)
2026-09-17,19518.449999999986,199.99,0.0,POS Checkout (1 items)
2026-09-17,19718.439999999988,199.99,0.0,POS Checkout (1 items)
2026-09-17,19918.42999999999,199.99,0.0,POS Checkout (1 items)
2026-09-17,20118.41999999999,19.99,0.0,POS Checkout (1 items)
2026-09-17,20138.409999999993,79.99,0.0,POS Checkout (1 items)
2026-09-17,20218.399999999994,79.99,0.0,POS Checkout (1 items)
2026-09-17,20298.389999999996,199.99,0.0,POS Checkout (1 items)
2026-09-17,20498.379999999997,25.99,0.0,POS Checkout (1 items)
2026-09-17,20524.37,25.99,0.0,POS Checkout (1 items)
2026-09-17,20550.36,25.99,0.0,POS Checkout (1 items)
2026-09-17,20576.350000000002,199.99,0.0,POS Checkout (1 items)
2026-09-17,20776.340000000004,199.99,0.0,POS Checkout (1 items)
2026-09-17,20976.330000000005,199.99,0.0,POS Checkout (1 items)
2026-09-17,21176.320000000007,299.5,0.0,POS Checkout (1 items)
2026-09-17,21475.820000000007,79.99,0.0,POS Checkout (1 items)
2026-09-17,21555.81000000001,299.5,0.0,POS Checkout (1 items)
2026-09-17,21855.31000000001,25.99,0.0,POS Checkout (1 items)
2026-09-17,21881.30000000001,25.99,0.0,POS Checkout (1 items)
2026-09-17,21907.29000000001,25.99,0.0,POS Checkout (1 items)
2026-09-17,21933.280000000013,299.5,0.0,POS Checkout (1 items)
2026-09-17,22232.780000000013,25.99,0.0,POS Checkout (1 items)
2026-09-17,22258.770000000015,19.99,0.0,POS Checkout (1 items)
2026-09-17,22278.760000000017,299.5,0.0,POS Checkout (1 items)
2026-09-17,22578.260000000017,79.99,0.0,POS Checkout (1 items)
2026-09-17,22658.25000000002,19.99,0.0,POS Checkout (1 items)
2026-09-17,22678.24000000002,299.5,0.0,POS Checkout (1 items)
2026-09-17,22977.74000000002,19.99,0.0,POS Checkout (1 items)
2026-09-17,22997.73000000002,299.5,0.0,POS Checkout (1 items)
2026-09-17,23297.23000000002,299.5,0.0,POS Checkout (1 items)
2026-09-17,23596.73000000002,299.5,0.0,POS Checkout (1 items)
2026-09-17,23896.23000000002,79.99,0.0,POS Checkout (1 items)
2026-09-17,23976.220000000023,199.99,0.0,POS Checkout (1 items)
2026-09-17,24176.210000000025,19.99,0.0,POS Checkout (1 items)
2026-09-17,24196.200000000026,79.99,0.0,POS Checkout (1 items)
2026-09-17,24276.190000000028,19.99,0.0,POS Checkout (1 items)
2026-09-17,24296.18000000003,19.99,0.0,POS Checkout (1 items)
2026-09-17,24316.17000000003,79.99,0.0,POS Checkout (1 items)
2026-09-17,24396.160000000033,199.99,0.0,POS Checkout (1 items)
2026-09-17,24596.150000000034,19.99,0.0,POS Checkout (1 items)
2026-09-17,24616.140000000036,19.99,0.0,POS Checkout (1 items)
2026-09-17,24636.130000000037,79.99,0.0,POS Checkout (1 items)
2026-09-17,24716.12000000004,199.99,0.0,POS Checkout (1 items)
2026-09-17,24916.11000000004,25.99,0.0,POS Checkout (1 items)
2026-09-17,24942.100000000042,79.99,0.0,POS Checkout (1 items)
2026-09-17,25022.090000000044,79.99,0.0,POS Checkout (1 items)
2026-09-17,25102.080000000045,79.99,0.0,POS Checkout (1 items)
2026-09-17,25182.070000000047,299.5,0.0,POS Checkout (1 items)
2026-09-17,25481.570000000047,79.99,0.0,POS Checkout (1 items)
2026-09-17,25561.56000000005,25.99,0.0,POS Checkout (1 items)
2026-09-17,25587.55000000005,199.99,0.0,POS Checkout (1 items)
2026-09-17,25787.54000000005,199.99,0.0,POS Checkout (1 items)
2026-09-17,25987.530000000053,199.99,0.0,POS Checkout (1 items)
2026-09-17,26187.520000000055,19.99,0.0,POS Checkout (1 items)
2026-09-17,26207.510000000057,25.99,0.0,POS Checkout (1 items)
2026-09-17,26233.50000000006,199.99,0.0,POS Checkout (1 items)
2026-09-17,26433.49000000006,25.99,0.0,POS Checkout (1 items)
2026-09-17,26459.48000000006,299.5,0.0,POS Checkout (1 items)
2026-09-17,26758.98000000006,25.99,0.0,POS Checkout (1 items)
2026-09-17,26784.970000000063,79.99,0.0,POS Checkout (1 items)
2026-09-17,26864.960000000065,25.99,0.0,POS Checkout (1 items)
2026-09-17,26890.950000000066,25.99,0.0,POS Checkout (1 items)
2026-09-17,26916.940000000068,299.5,0.0,POS Checkout (1 items)
2026-09-17,27216.440000000068,19.99,0.0,POS Checkout (1 items)
2026-09-17,27236.43000000007,299.5,0.0,POS Checkout (1 items)
2026-09-17,27535.93000000007,199.99,0.0,POS Checkout (1 items)
2026-09-17,27735.92000000007,299.5,0.0,POS Checkout (1 items)
2026-09-17,28035.42000000007,19.99,0.0,POS Checkout (1 items)
2026-09-17,28055.410000000073,79.99,0.0,POS Checkout (1 items)
2026-09-17,28135.400000000074,19.99,0.0,POS Checkout (1 items)
2026-09-17,28155.390000000076,19.99,0.0,POS Checkout (1 items)
2026-09-17,28175.380000000077,25.99,0.0,POS Checkout (1 items)
2026-09-17,28201.37000000008,79.99,0.0,POS Checkout (1 items)
2026-09-17,28281.36000000008,199.99,0.0,POS Checkout (1 items)
2026-09-17,28481.350000000082,79.99,0.0,POS Checkout (1 items)
2026-09-17,28561.340000000084,79.99,0.0,POS Checkout (1 items)
2026-09-17,28641.330000000085,299.5,0.0,POS Checkout (1 items)
2026-09-17,28940.830000000085,25.99,0.0,POS Checkout (1 items)
2026-09-17,28966.820000000087,19.99,0.0,POS Checkout (1 items)
2026-09-17,28986.81000000009,199.99,0.0,POS Checkout (1 items)
2026-09-17,29186.80000000009,299.5,0.0,POS Checkout (1 items)
2026-09-17,29486.30000000009,19.99,0.0,POS Checkout (1 items)
2026-09-17,29506.290000000092,199.99,0.0,POS Checkout (1 items)
2026-09-17,29706.280000000093,79.99,0.0,POS Checkout (1 items)
2026-09-17,29786.270000000095,25.99,0.0,POS Checkout (1 items)
2026-09-17,29812.260000000097,19.99,0.0,POS Checkout (1 items)
2026-09-17,29832.2500000001,199.99,0.0,POS Checkout (1 items)
2026-09-17,30032.2400000001,25.99,0.0,POS Checkout (1 items)
2026-09-17,30058.2300000001,299.5,0.0,POS Checkout (1 items)
2026-09-17,30357.7300000001,19.99,0.0,POS Checkout (1 items)
2026-09-17,30377.720000000103,79.99,0.0,POS Checkout (1 items)
2026-09-17,30457.710000000105,25.99,0.0,POS Checkout (1 items)
2026-09-17,30483.700000000106,19.99,0.0,POS Checkout (1 items)
2026-09-17,30503.690000000108,79.99,0.0,POS Checkout (1 items)
2026-09-17,30583.68000000011,199.99,0.0,POS Checkout (1 items)
2026-09-17,30783.67000000011,299.5,0.0,POS Checkout (1 items)
2026-09-17,31083.17000000011,199.99,0.0,POS Checkout (1 items)
2026-09-17,31283.160000000113,79.99,0.0,POS Checkout (1 items)
2026-09-17,31363.150000000114,199.99,0.0,POS Checkout (1 items)
2026-09-17,31563.140000000116,25.99,0.0,POS Checkout (1 items)
2026-09-17,31589.130000000117,19.99,0.0,POS Checkout (1 items)
2026-09-17,31609.12000000012,199.99,0.0,POS Checkout (1 items)
2026-09-17,31809.11000000012,25.99,0.0,POS Checkout (1 items)
2026-09-17,31835.100000000122,299.5,0.0,POS Checkout (1 items)
2026-09-17,32134.600000000122,79.99,0.0,POS Checkout (1 items)
2026-09-17,32214.590000000124,299.5,0.0,POS Checkout (1 items)
2026-09-17,32514.090000000124,19.99,0.0,POS Checkout (1 items)
2026-09-17,32534.080000000125,199.99,0.0,POS Checkout (1 items)
2026-09-17,32734.070000000127,19.99,0.0,POS Checkout (1 items)
2026-09-17,32754.06000000013,19.99,0.0,POS Checkout (1 items)
2026-09-17,32774.05000000013,79.99,0.0,POS Checkout (1 items)
2026-09-17,32854.040000000125,25.99,0.0,POS Checkout (1 items)
2026-09-17,32880.03000000012,79.99,0.0,POS Checkout (1 items)
2026-09-17,32960.02000000012,199.99,0.0,POS Checkout (1 items)
2026-09-17,33160.01000000012,79.99,0.0,POS Checkout (1 items)
2026-09-17,33240.00000000012,299.5,0.0,POS Checkout (1 items)
2026-09-17,33539.50000000012,199.99,0.0,POS Checkout (1 items)
2026-09-17,33739.490000000114,25.99,0.0,POS Checkout (1 items)
2026-09-17,33765.48000000011,199.99,0.0,POS Checkout (1 items)
2026-09-17,33965.47000000011,25.99,0.0,POS Checkout (1 items)
2026-09-17,33991.46000000011,299.5,0.0,POS Checkout (1 items)
2026-09-17,34290.96000000011,25.99,0.0,POS Checkout (1 items)
2026-09-17,34316.950000000106,299.5,0.0,POS Checkout (1 items)
2026-09-17,34616.450000000106,299.5,0.0,POS Checkout (1 items)
2026-09-17,34915.950000000106,19.99,0.0,POS Checkout (1 items)
2026-09-17,34935.940000000104,19.99,0.0,POS Checkout (1 items)
2026-09-17,34955.9300000001,19.99,0.0,POS Checkout (1 items)
2026-09-17,34975.9200000001,79.99,0.0,POS Checkout (1 items)
2026-09-17,35055.9100000001,79.99,0.0,POS Checkout (1 items)
2026-09-17,35135.900000000096,79.99,0.0,POS Checkout (1 items)
2026-09-17,35215.890000000094,199.99,0.0,POS Checkout (1 items)
2026-09-17,35415.88000000009,199.99,0.0,POS Checkout (1 items)
2026-09-17,35615.87000000009,25.99,0.0,POS Checkout (1 items)
2026-09-17,35641.86000000009,25.99,0.0,POS Checkout (1 items)
2026-09-17,35667.850000000086,299.5,0.0,POS Checkout (1 items)
2026-09-17,35967.350000000086,79.99,0.0,POS Checkout (1 items)
2026-09-17,36047.340000000084,299.5,0.0,POS Checkout (1 items)
2026-09-17,36346.840000000084,199.99,0.0,POS Checkout (1 items)
2026-09-17,36546.83000000008,19.99,0.0,POS Checkout (1 items)
2026-09-17,36566.82000000008,25.99,0.0,POS Checkout (1 items)
2026-09-17,36592.81000000008,79.99,0.0,POS Checkout (1 items)
2026-09-17,36672.800000000076,299.5,0.0,POS Checkout (1 items)
2026-09-17,36972.300000000076,199.99,0.0,POS Checkout (1 items)
2026-09-17,37172.29000000007,25.99,0.0,POS Checkout (1 items)
2026-09-17,37198.28000000007,25.99,0.0,POS Checkout (1 items)
2026-09-17,37224.27000000007,19.99,0.0,POS Checkout (1 items)
2026-09-17,37244.26000000007,299.5,0.0,POS Checkout (1 items)
2026-09-17,37543.76000000007,299.5,0.0,POS Checkout (1 items)
2026-09-17,37843.26000000007,79.99,0.0,POS Checkout (1 items)
2026-09-17,37923.250000000065,19.99,0.0,POS Checkout (1 items)
2026-09-17,37943.24000000006,199.99,0.0,POS Checkout (1 items)
2026-09-17,38143.23000000006,79.99,0.0,POS Checkout (1 items)
2026-09-17,38223.22000000006,19.99,0.0,POS Checkout (1 items)
2026-09-17,38243.21000000006,25.99,0.0,POS Checkout (1 items)
2026-09-17,38269.200000000055,199.99,0.0,POS Checkout (1 items)
2026-09-17,38469.19000000005,79.99,0.0,POS Checkout (1 items)
2026-09-17,38549.18000000005,299.5,0.0,POS Checkout (1 items)
2026-09-17,38848.68000000005,25.99,0.0,POS Checkout (1 items)
2026-09-17,38874.67000000005,199.99,0.0,POS Checkout (1 items)
2026-09-17,39074.66000000005,299.5,0.0,POS Checkout (1 items)
2026-09-17,39374.16000000005,19.99,0.0,POS Checkout (1 items)
2026-09-17,39394.150000000045,79.99,0.0,POS Checkout (1 items)
2026-09-17,39474.14000000004,19.99,0.0,POS Checkout (1 items)
2026-09-17,39494.13000000004,25.99,0.0,POS Checkout (1 items)
2026-09-17,39520.12000000004,199.99,0.0,POS Checkout (1 items)
2026-09-17,39720.11000000004,79.99,0.0,POS Checkout (1 items)
2026-09-17,39800.100000000035,299.5,0.0,POS Checkout (1 items)
2026-09-17,40099.600000000035,25.99,0.0,POS Checkout (1 items)
2026-09-17,40125.59000000003,199.99,0.0,POS Checkout (1 items)
2026-09-17,40325.58000000003,19.99,0.0,POS Checkout (1 items)
2026-09-17,40345.57000000003,299.5,0.0,POS Checkout (1 items)
2026-09-17,40645.07000000003,79.99,0.0,POS Checkout (1 items)
2026-09-17,40725.06000000003,19.99,0.0,POS Checkout (1 items)
2026-09-17,40745.050000000025,199.99,0.0,POS Checkout (1 items)
2026-09-17,40945.04000000002,79.99,0.0,POS Checkout (1 items)
2026-09-17,41025.03000000002,25.99,0.0,POS Checkout (1 items)
2026-09-17,41051.02000000002,299.5,0.0,POS Checkout (1 items)
2026-09-17,41350.52000000002,199.99,0.0,POS Checkout (1 items)
2026-09-17,41550.51000000002,25.99,0.0,POS Checkout (1 items)
2026-09-17,41576.500000000015,299.5,0.0,POS Checkout (1 items)
2026-09-17,41876.000000000015,19.99,0.0,POS Checkout (1 items)
2026-09-17,41895.99000000001,51.98,0.0,POS Checkout (1 items)
2026-09-17,41947.970000000016,0.0,50.0,Test Operational Bill
2026-09-17,41897.970000000016,100.0,0.0,Test Deposit
2026-09-17,41997.970000000016,79.99,0.0,POS Checkout (1 items)
2026-09-17,42077.960000000014,79.99,0.0,POS Checkout (1 items)
2026-09-17,42157.95000000001,79.99,0.0,POS Checkout (1 items)
2026-09-17,42237.94000000001,79.99,0.0,POS Checkout (1 items)
2026-09-17,42317.93000000001,299.5,0.0,POS Checkout (1 items)
2026-09-17,42617.43000000001,199.99,0.0,POS Checkout (1 items)
2026-09-17,42817.420000000006,25.99,0.0,POS Checkout (1 items)
2026-09-17,42843.41,199.99,0.0,POS Checkout (1 items)
2026-09-17,43043.4,19.99,0.0,POS Checkout (1 items)
2026-09-17,43063.39,199.99,0.0,POS Checkout (1 items)
2026-09-17,43263.38,299.5,0.0,POS Checkout (1 items)
2026-09-17,43562.88,25.99,0.0,POS Checkout (1 items)
2026-09-17,43588.869999999995,19.99,0.0,POS Checkout (1 items)
2026-09-17,43608.85999999999,199.99,0.0,POS Checkout (1 items)
2026-09-17,43808.84999999999,79.99,0.0,POS Checkout (1 items)
2026-09-17,43888.83999999999,199.99,0.0,POS Checkout (1 items)
2026-09-17,44088.82999999999,25.99,0.0,POS Checkout (1 items)
2026-09-17,44114.819999999985,25.99,0.0,POS Checkout (1 items)
2026-09-17,44140.80999999998,199.99,0.0,POS Checkout (1 items)
2026-09-17,44340.79999999998,19.99,0.0,POS Checkout (1 items)
2026-09-17,44360.78999999998,299.5,0.0,POS Checkout (1 items)
2026-09-17,44660.28999999998,25.99,0.0,POS Checkout (1 items)
2026-09-17,44686.27999999998,299.5,0.0,POS Checkout (1 items)
2026-09-17,44985.77999999998,79.99,0.0,POS Checkout (1 items)
2026-09-17,45065.769999999975,25.99,0.0,POS Checkout (1 items)
2026-09-17,45091.75999999997,299.5,0.0,POS Checkout (1 items)
2026-09-17,45391.25999999997,299.5,0.0,POS Checkout (1 items)
2026-09-17,45690.75999999997,79.99,0.0,POS Checkout (1 items)
2026-09-17,45770.74999999997,25.99,0.0,POS Checkout (1 items)
2026-09-17,45796.73999999997,25.99,0.0,POS Checkout (1 items)
2026-09-17,45822.72999999997,299.5,0.0,POS Checkout (1 items)
2026-09-17,46122.22999999997,19.99,0.0,POS Checkout (1 items)
2026-09-17,46142.219999999965,199.99,0.0,POS Checkout (1 items)
2026-09-17,46342.20999999996,299.5,0.0,POS Checkout (1 items)
2026-09-17,46641.70999999996,299.5,0.0,POS Checkout (1 items)
2026-09-17,46941.20999999996,25.99,0.0,POS Checkout (1 items)
2026-09-17,46967.19999999996,19.99,0.0,POS Checkout (1 items)
2026-09-17,46987.18999999996,79.99,0.0,POS Checkout (1 items)
2026-09-17,47067.17999999996,19.99,0.0,POS Checkout (1 items)
2026-09-17,47087.169999999955,299.5,0.0,POS Checkout (1 items)
2026-09-17,47386.669999999955,199.99,0.0,POS Checkout (1 items)
2026-09-17,47586.65999999995,19.99,0.0,POS Checkout (1 items)
2026-09-17,47606.64999999995,79.99,0.0,POS Checkout (1 items)
2026-09-17,47686.63999999995,19.99,0.0,POS Checkout (1 items)
2026-09-17,47706.62999999995,19.99,0.0,POS Checkout (1 items)
2026-09-17,47726.619999999944,199.99,0.0,POS Checkout (1 items)
2026-09-17,47926.60999999994,19.99,0.0,POS Checkout (1 items)
2026-09-17,47946.59999999994,79.99,0.0,POS Checkout (1 items)
2026-09-17,48026.58999999994,25.99,0.0,POS Checkout (1 items)
2026-09-17,48052.579999999936,299.5,0.0,POS Checkout (1 items)
2026-09-17,48352.079999999936,19.99,0.0,POS Checkout (1 items)
2026-09-17,48372.069999999934,19.99,0.0,POS Checkout (1 items)
2026-09-17,48392.05999999993,299.5,0.0,POS Checkout (1 items)
2026-09-17,48691.55999999993,299.5,0.0,POS Checkout (1 items)
2026-09-17,48991.05999999993,79.99,0.0,POS Checkout (1 items)
2026-09-17,49071.04999999993,25.99,0.0,POS Checkout (1 items)
2026-09-17,49097.03999999993,19.99,0.0,POS Checkout (1 items)
2026-09-17,49117.029999999926,199.99,0.0,POS Checkout (1 items)
2026-09-17,49317.019999999924,25.99,0.0,POS Checkout (1 items)
2026-09-17,49343.00999999992,79.99,0.0,POS Checkout (1 items)
2026-09-17,49422.99999999992,199.99,0.0,POS Checkout (1 items)
2026-09-17,49622.98999999992,199.99,0.0,POS Checkout (1 items)
2026-09-17,49822.979999999916,79.99,0.0,POS Checkout (1 items)
2026-09-17,49902.969999999914,19.99,0.0,POS Checkout (1 items)
2026-09-17,49922.95999999991,79.99,0.0,POS Checkout (1 items)
2026-09-17,50002.94999999991,79.99,0.0,POS Checkout (1 items)
2026-09-17,50082.93999999991,25.99,0.0,POS Checkout (1 items)
2026-09-17,50108.929999999906,199.99,0.0,POS Checkout (1 items)
2026-09-17,50308.919999999904,199.99,0.0,POS Checkout (1 items)
2026-09-17,50508.9099999999,19.99,0.0,POS Checkout (1 items)
2026-09-17,50528.8999999999,19.99,0.0,POS Checkout (1 items)
2026-09-17,50548.8899999999,25.99,0.0,POS Checkout (1 items)
2026-09-17,50574.879999999896,25.99,0.0,POS Checkout (1 items)
2026-09-17,50600.86999999989,79.99,0.0,POS Checkout (1 items)
2026-09-17,50680.85999999989,19.99,0.0,POS Checkout (1 items)
2026-09-17,50700.84999999989,299.5,0.0,POS Checkout (1 items)
2026-09-17,51000.34999999989,79.99,0.0,POS Checkout (1 items)
2026-09-17,51080.33999999989,199.99,0.0,POS Checkout (1 items)
2026-09-17,51280.329999999885,79.99,0.0,POS Checkout (1 items)
2026-09-17,51360.31999999988,79.99,0.0,POS Checkout (1 items)
2026-09-17,51440.30999999988,299.5,0.0,POS Checkout (1 items)
2026-09-17,51739.80999999988,299.5,0.0,POS Checkout (1 items)
2026-09-17,52039.30999999988,25.99,0.0,POS Checkout (1 items)
2026-09-17,52065.29999999988,199.99,0.0,POS Checkout (1 items)
2026-09-17,52265.28999999988,199.99,0.0,POS Checkout (1 items)
2026-09-17,52465.279999999875,199.99,0.0,POS Checkout (1 items)
2026-09-17,52665.26999999987,299.5,0.0,POS Checkout (1 items)
2026-09-17,52964.76999999987,199.99,0.0,POS Checkout (1 items)
2026-09-17,53164.75999999987,25.99,0.0,POS Checkout (1 items)
2026-09-17,53190.74999999987,25.99,0.0,POS Checkout (1 items)
2026-09-17,53216.73999999987,19.99,0.0,POS Checkout (1 items)
2026-09-17,53236.729999999865,79.99,0.0,POS Checkout (1 items)
2026-09-17,53316.71999999986,79.99,0.0,POS Checkout (1 items)
2026-09-17,53396.70999999986,79.99,0.0,POS Checkout (1 items)
2026-09-17,53476.69999999986,299.5,0.0,POS Checkout (1 items)
2026-09-17,53776.19999999986,299.5,0.0,POS Checkout (1 items)
2026-09-17,54075.69999999986,299.5,0.0,POS Checkout (1 items)
2026-09-17,54375.19999999986,199.99,0.0,POS Checkout (1 items)
2026-09-17,54575.18999999986,79.99,0.0,POS Checkout (1 items)
2026-09-17,54655.179999999855,25.99,0.0,POS Checkout (1 items)
2026-09-17,54681.16999999985,199.99,0.0,POS Checkout (1 items)
2026-09-17,54881.15999999985,199.99,0.0,POS Checkout (1 items)
2026-09-17,55081.14999999985,19.99,0.0,POS Checkout (1 items)
2026-09-17,55101.13999999985,25.99,0.0,POS Checkout (1 items)
2026-09-17,55127.129999999845,25.99,0.0,POS Checkout (1 items)
2026-09-17,55153.11999999984,19.99,0.0,POS Checkout (1 items)
2026-09-17,55173.10999999984,199.99,0.0,POS Checkout (1 items)
2026-09-17,55373.09999999984,19.99,0.0,POS Checkout (1 items)
2026-09-17,55393.08999999984,19.99,0.0,POS Checkout (1 items)
2026-09-17,55413.079999999834,25.99,0.0,POS Checkout (1 items)
2026-09-17,55439.06999999983,25.99,0.0,POS Checkout (1 items)
2026-09-17,55465.05999999983,299.5,0.0,POS Checkout (1 items)
2026-09-17,55764.55999999983,25.99,0.0,POS Checkout (1 items)
2026-09-17,55790.54999999983,199.99,0.0,POS Checkout (1 items)
2026-09-17,55990.539999999826,199.99,0.0,POS Checkout (1 items)
2026-09-17,56190.529999999824,299.5,0.0,POS Checkout (1 items)
2026-09-17,56490.029999999824,299.5,0.0,POS Checkout (1 items)
2026-09-17,56789.529999999824,19.99,0.0,POS Checkout (1 items)
2026-09-17,56809.51999999982,79.99,0.0,POS Checkout (1 items)
2026-09-17,56889.50999999982,79.99,0.0,POS Checkout (1 items)
2026-09-17,56969.49999999982,25.99,0.0,POS Checkout (1 items)
2026-09-17,56995.489999999816,299.5,0.0,POS Checkout (1 items)
2026-09-17,57294.989999999816,199.99,0.0,POS Checkout (1 items)
2026-09-17,57494.979999999814,19.99,0.0,POS Checkout (1 items)
2026-09-17,57514.96999999981,25.99,0.0,POS Checkout (1 items)
2026-09-17,57540.95999999981,199.99,0.0,POS Checkout (1 items)
2026-09-17,57740.94999999981,19.99,0.0,POS Checkout (1 items)
2026-09-17,57760.939999999806,79.99,0.0,POS Checkout (1 items)
2026-09-17,57840.929999999804,299.5,0.0,POS Checkout (1 items)
2026-09-17,58140.429999999804,79.99,0.0,POS Checkout (1 items)
2026-09-17,58220.4199999998,299.5,0.0,POS Checkout (1 items)
2026-09-17,58519.9199999998,19.99,0.0,POS Checkout (1 items)
2026-09-17,58539.9099999998,25.99,0.0,POS Checkout (1 items)
2026-09-17,58565.8999999998,299.5,0.0,POS Checkout (1 items)
2026-09-17,58865.3999999998,299.5,0.0,POS Checkout (1 items)
2026-09-17,59164.8999999998,25.99,0.0,POS Checkout (1 items)
2026-09-17,59190.889999999796,79.99,0.0,POS Checkout (1 items)
2026-09-17,59270.879999999794,25.99,0.0,POS Checkout (1 items)
2026-09-17,59296.86999999979,25.99,0.0,POS Checkout (1 items)
2026-09-17,59322.85999999979,19.99,0.0,POS Checkout (1 items)
2026-09-17,59342.84999999979,79.99,0.0,POS Checkout (1 items)
2026-09-17,59422.839999999786,299.5,0.0,POS Checkout (1 items)
2026-09-17,59722.339999999786,199.99,0.0,POS Checkout (1 items)
2026-09-17,59922.32999999978,299.5,0.0,POS Checkout (1 items)
2026-09-17,60221.82999999978,19.99,0.0,POS Checkout (1 items)
2026-09-17,60241.81999999978,299.5,0.0,POS Checkout (1 items)
2026-09-17,60541.31999999978,25.99,0.0,POS Checkout (1 items)
2026-09-17,60567.30999999978,19.99,0.0,POS Checkout (1 items)
2026-09-17,60587.29999999978,199.99,0.0,POS Checkout (1 items)
2026-09-17,60787.289999999775,19.99,0.0,POS Checkout (1 items)
2026-09-17,60807.27999999977,199.99,0.0,POS Checkout (1 items)
2026-09-17,61007.26999999977,19.99,0.0,POS Checkout (1 items)
2026-09-17,61027.25999999977,199.99,0.0,POS Checkout (1 items)
2026-09-17,61227.24999999977,25.99,0.0,POS Checkout (1 items)
2026-09-17,61253.239999999765,79.99,0.0,POS Checkout (1 items)
2026-09-17,61333.22999999976,79.99,0.0,POS Checkout (1 items)
2026-09-17,61413.21999999976,19.99,0.0,POS Checkout (1 items)
2026-09-17,61433.20999999976,79.99,0.0,POS Checkout (1 items)
2026-09-17,61513.19999999976,19.99,0.0,POS Checkout (1 items)
2026-09-17,61533.189999999755,299.5,0.0,POS Checkout (1 items)
2026-09-17,61832.689999999755,25.99,0.0,POS Checkout (1 items)
2026-09-17,61858.67999999975,299.5,0.0,POS Checkout (1 items)
2026-09-17,62158.17999999975,19.99,0.0,POS Checkout (1 items)
2026-09-17,62178.16999999975,299.5,0.0,POS Checkout (1 items)
2026-09-17,62477.66999999975,19.99,0.0,POS Checkout (1 items)
2026-09-17,62497.65999999975,299.5,0.0,POS Checkout (1 items)
2026-09-17,62797.15999999975,199.99,0.0,POS Checkout (1 items)
2026-09-17,62997.14999999975,199.99,0.0,POS Checkout (1 items)
2026-09-17,63197.139999999745,79.99,0.0,POS Checkout (1 items)
2026-09-17,63277.12999999974,25.99,0.0,POS Checkout (1 items)
2026-09-17,63303.11999999974,19.99,0.0,POS Checkout (1 items)
2026-09-17,63323.10999999974,79.99,0.0,POS Checkout (1 items)
2026-09-17,63403.09999999974,79.99,0.0,POS Checkout (1 items)
2026-09-17,63483.089999999735,299.5,0.0,POS Checkout (1 items)
2026-09-17,63782.589999999735,25.99,0.0,POS Checkout (1 items)
2026-09-17,63808.57999999973,25.99,0.0,POS Checkout (1 items)
2026-09-17,63834.56999999973,199.99,0.0,POS Checkout (1 items)
2026-09-17,64034.55999999973,79.99,0.0,POS Checkout (1 items)
2026-09-17,64114.54999999973,199.99,0.0,POS Checkout (1 items)
2026-09-17,64314.539999999724,19.99,0.0,POS Checkout (1 items)
2026-09-17,64334.52999999972,299.5,0.0,POS Checkout (1 items)
2026-09-17,64634.02999999972,79.99,0.0,POS Checkout (1 items)
2026-09-17,64714.01999999972,19.99,0.0,POS Checkout (1 items)
2026-09-17,64734.00999999972,199.99,0.0,POS Checkout (1 items)
2026-09-17,64933.999999999716,79.99,0.0,POS Checkout (1 items)
2026-09-17,65013.989999999714,79.99,0.0,POS Checkout (1 items)
2026-09-17,65093.97999999971,299.5,0.0,POS Checkout (1 items)
2026-09-17,65393.47999999971,199.99,0.0,POS Checkout (1 items)
2026-09-17,65593.46999999971,19.99,0.0,POS Checkout (1 items)
2026-09-17,65613.45999999972,25.99,0.0,POS Checkout (1 items)
2026-09-17,65639.44999999972,299.5,0.0,POS Checkout (1 items)
2026-09-17,65938.94999999972,299.5,0.0,POS Checkout (1 items)
2026-09-17,66238.44999999972,19.99,0.0,POS Checkout (1 items)
2026-09-17,66258.43999999973,79.99,0.0,POS Checkout (1 items)
2026-09-17,66338.42999999973,25.99,0.0,POS Checkout (1 items)
2026-09-17,66364.41999999974,199.99,0.0,POS Checkout (1 items)
2026-09-17,66564.40999999974,79.99,0.0,POS Checkout (1 items)
2026-09-17,66644.39999999975,199.99,0.0,POS Checkout (1 items)
2026-09-17,66844.38999999975,199.99,0.0,POS Checkout (1 items)
2026-09-17,67044.37999999976,19.99,0.0,POS Checkout (1 items)
2026-09-17,67064.36999999976,25.99,0.0,POS Checkout (1 items)
2026-09-17,67090.35999999977,199.99,0.0,POS Checkout (1 items)
2026-09-17,67290.34999999977,199.99,0.0,POS Checkout (1 items)
2026-09-17,67490.33999999978,19.99,0.0,POS Checkout (1 items)
2026-09-17,67510.32999999978,25.99,0.0,POS Checkout (1 items)
2026-09-17,67536.31999999979,19.99,0.0,POS Checkout (1 items)
2026-09-17,67556.3099999998,25.99,0.0,POS Checkout (1 items)
2026-09-17,67582.2999999998,299.5,0.0,POS Checkout (1 items)
2026-09-17,67881.7999999998,25.99,0.0,POS Checkout (1 items)
2026-09-17,67907.7899999998,199.99,0.0,POS Checkout (1 items)
2026-09-17,68107.77999999981,25.99,0.0,POS Checkout (1 items)
2026-09-17,68133.76999999981,79.99,0.0,POS Checkout (1 items)
2026-09-17,68213.75999999982,79.99,0.0,POS Checkout (1 items)
2026-09-17,68293.74999999983,299.5,0.0,POS Checkout (1 items)
2026-09-17,68593.24999999983,299.5,0.0,POS Checkout (1 items)
2026-09-17,68892.74999999983,19.99,0.0,POS Checkout (1 items)
2026-09-17,68912.73999999983,79.99,0.0,POS Checkout (1 items)
2026-09-17,68992.72999999984,19.99,0.0,POS Checkout (1 items)
2026-09-17,69012.71999999984,25.99,0.0,POS Checkout (1 items)
2026-09-17,69038.70999999985,199.99,0.0,POS Checkout (1 items)
2026-09-17,69238.69999999985,199.99,0.0,POS Checkout (1 items)
2026-09-17,69438.68999999986,79.99,0.0,POS Checkout (1 items)
2026-09-17,69518.67999999986,299.5,0.0,POS Checkout (1 items)
2026-09-17,69818.17999999986,25.99,0.0,POS Checkout (1 items)
2026-09-17,69844.16999999987,79.99,0.0,POS Checkout (1 items)
2026-09-17,69924.15999999987,25.99,0.0,POS Checkout (1 items)
2026-09-17,69950.14999999988,79.99,0.0,POS Checkout (1 items)
2026-09-17,70030.13999999988,299.5,0.0,POS Checkout (1 items)
2026-09-17,70329.63999999988,19.99,0.0,POS Checkout (1 items)
2026-09-17,70349.62999999989,25.99,0.0,POS Checkout (1 items)
2026-09-17,70375.6199999999,25.99,0.0,POS Checkout (1 items)
2026-09-17,70401.6099999999,199.99,0.0,POS Checkout (1 items)
2026-09-17,70601.5999999999,79.99,0.0,POS Checkout (1 items)
2026-09-17,70681.58999999991,299.5,0.0,POS Checkout (1 items)
2026-09-17,70981.08999999991,199.99,0.0,POS Checkout (1 items)
2026-09-17,71181.07999999991,19.99,0.0,POS Checkout (1 items)
2026-09-17,71201.06999999992,299.5,0.0,POS Checkout (1 items)
2026-09-17,71500.56999999992,299.5,0.0,POS Checkout (1 items)
2026-09-17,71800.06999999992,19.99,0.0,POS Checkout (1 items)
2026-09-17,71820.05999999992,79.99,0.0,POS Checkout (1 items)
2026-09-17,71900.04999999993,299.5,0.0,POS Checkout (1 items)
2026-09-17,72199.54999999993,199.99,0.0,POS Checkout (1 items)
2026-09-17,72399.53999999994,19.99,0.0,POS Checkout (1 items)
2026-09-17,72419.52999999994,19.99,0.0,POS Checkout (1 items)
2026-09-17,72439.51999999995,79.99,0.0,POS Checkout (1 items)
2026-09-17,72519.50999999995,199.99,0.0,POS Checkout (1 items)
2026-09-17,72719.49999999996,25.99,0.0,POS Checkout (1 items)
2026-09-17,72745.48999999996,79.99,0.0,POS Checkout (1 items)
2026-09-17,72825.47999999997,199.99,0.0,POS Checkout (1 items)
2026-09-17,73025.46999999997,299.5,0.0,POS Checkout (1 items)
2026-09-17,73324.96999999997,25.99,0.0,POS Checkout (1 items)
2026-09-17,73350.95999999998,825.45,0.0,POS Checkout (5 items)
2026-09-17,74176.40999999997,625.46,0.0,POS Checkout (5 items)
2026-09-17,74801.86999999998,579.48,0.0,POS Checkout (3 items)
2026-09-21,75381.34999999998,51.98,0.0,POS Checkout (1 items)
2026-09-21,75433.32999999997,0.0,50.0,Test Operational Bill
2026-09-21,75383.32999999997,100.0,0.0,Test Deposit
2026-09-21,75483.32999999997,51.98,0.0,POS Checkout (1 items)
2026-09-21,75535.30999999997,0.0,50.0,Test Operational Bill
2026-09-21,75485.30999999997,100.0,0.0,Test Deposit
2026-09-21,75585.30999999997,79.99,0.0,POS Checkout (1 items)
