sale_id,product_id,product_name,quantity,price,sale_date,customer_id
S1001,P001,Wireless Mouse,2,25.99,2026-06-01,C101
S1002,P002,Mechanical Keyboard,1,79.99,2026-06-02,C102
S1003,P003,Standing Desk,1,299.5,2026-06-03,C103
S1004,P004,Ergonomic Chair,2,199.99,2026-06-04,C104
S1005,P005,USB-C Hub,3,19.99,2026-06-05,C105
S1789645499096_1,P001,Wireless Mouse,2,25.99,2026-09-17,C_TEST
S1789645499194_1,P002,Mechanical Keyboard,1,79.99,2026-09-17,API_TEST
S1789645597209_1,P001,Wireless Mouse,1,25.99,2026-09-17,STRESS_5_0
S1789645597220_1,P001,Wireless Mouse,1,25.99,2026-09-17,STRESS_2_0
S1789645597211_1,P001,Wireless Mouse,1,25.99,2026-09-17,STRESS_28_0
S1789645597258_1,P001,Wireless Mouse,1,25.99,2026-09-17,STRESS_2_3
S1789645597276_1,P001,Wireless Mouse,1,25.99,2026-09-17,STRESS_13_3
S1789645597280_1,P001,Wireless Mouse,1,25.99,2026-09-17,STRESS_28_3
S1789645597300_1,P001,Wireless Mouse,1,25.99,2026-09-17,STRESS_2_6
S1789645597213_1,P001,Wireless Mouse,1,25.99,2026-09-17,STRESS_20_0
S1789645597315_1,P001,Wireless Mouse,1,25.99,2026-09-17,STRESS_13_6
S1789645597252_1,P001,Wireless Mouse,1,25.99,2026-09-17,STRESS_5_3
S1789645597328_1,P001,Wireless Mouse,1,25.99,2026-09-17,STRESS_3_3
S1789645597351_1,P001,Wireless Mouse,1,25.99,2026-09-17,STRESS_13_9
S1789645597359_1,P001,Wireless Mouse,1,25.99,2026-09-17,STRESS_28_9
S1789645597355_1,P001,Wireless Mouse,1,25.99,2026-09-17,STRESS_2_9
S1789645597387_1,P001,Wireless Mouse,1,25.99,2026-09-17,STRESS_3_6
S1789645597357_1,P001,Wireless Mouse,1,25.99,2026-09-17,STRESS_20_3
S1789645597207_1,P001,Wireless Mouse,1,25.99,2026-09-17,STRESS_10_0
S1789645597410_1,P001,Wireless Mouse,1,25.99,2026-09-17,STRESS_3_9
S1789645597416_1,P001,Wireless Mouse,1,25.99,2026-09-17,STRESS_2_12
S1789645597219_1,P001,Wireless Mouse,1,25.99,2026-09-17,STRESS_12_0
S1789645597434_1,P001,Wireless Mouse,1,25.99,2026-09-17,STRESS_10_3
S1789645597438_1,P001,Wireless Mouse,1,25.99,2026-09-17,STRESS_20_6
S1789645597461_1,P001,Wireless Mouse,1,25.99,2026-09-17,STRESS_3_12
S1789645597462_1,P001,Wireless Mouse,1,25.99,2026-09-17,STRESS_2_15
S1789645597481_1,P001,Wireless Mouse,1,25.99,2026-09-17,STRESS_20_9
S1789645597388_1,P001,Wireless Mouse,1,25.99,2026-09-17,STRESS_13_12
S1789645597489_1,P001,Wireless Mouse,1,25.99,2026-09-17,STRESS_3_15
S1789645597452_1,P001,Wireless Mouse,1,25.99,2026-09-17,STRESS_12_3
S1789645597502_1,P001,Wireless Mouse,1,25.99,2026-09-17,STRESS_2_18
S1789645597468_1,P001,Wireless Mouse,1,25.99,2026-09-17,STRESS_10_6
S1789645597520_1,P001,Wireless Mouse,1,25.99,2026-09-17,STRESS_3_18
S1789645597521_1,P001,Wireless Mouse,1,25.99,2026-09-17,STRESS_20_12
S1789645597544_1,P001,Wireless Mouse,1,25.99,2026-09-17,STRESS_10_9
S1789645597558_1,P001,Wireless Mouse,1,25.99,2026-09-17,STRESS_20_15
S1789645597546_1,P001,Wireless Mouse,1,25.99,2026-09-17,STRESS_12_6
S1789645597575_1,P001,Wireless Mouse,1,25.99,2026-09-17,STRESS_20_18
S1789645597576_1,P001,Wireless Mouse,1,25.99,2026-09-17,STRESS_10_12
S1789645597589_1,P001,Wireless Mouse,1,25.99,2026-09-17,STRESS_12_9
S1789645597518_1,P001,Wireless Mouse,1,25.99,2026-09-17,STRESS_13_15
S1789645597608_1,P001,Wireless Mouse,1,25.99,2026-09-17,STRESS_10_15
S1789645597620_1,P001,Wireless Mouse,1,25.99,2026-09-17,STRESS_13_18
S1789645597611_1,P001,Wireless Mouse,1,25.99,2026-09-17,STRESS_12_12
S1789645597635_1,P001,Wireless Mouse,1,25.99,2026-09-17,STRESS_10_18
S1789645597210_1,P001,Wireless Mouse,1,25.99,2026-09-17,STRESS_7_0
S1789645597656_1,P001,Wireless Mouse,1,25.99,2026-09-17,STRESS_12_15
S1789645597217_1,P001,Wireless Mouse,1,25.99,2026-09-17,STRESS_4_0
S1789645597667_1,P001,Wireless Mouse,1,25.99,2026-09-17,STRESS_7_3
S1789645597679_1,P001,Wireless Mouse,1,25.99,2026-09-17,STRESS_12_18
S1789645597688_1,P001,Wireless Mouse,1,25.99,2026-09-17,STRESS_4_3
S1789645597699_1,P001,Wireless Mouse,1,25.99,2026-09-17,STRESS_7_6
S1789645597374_1,P001,Wireless Mouse,1,25.99,2026-09-17,STRESS_5_6
S1789645597716_1,P001,Wireless Mouse,1,25.99,2026-09-17,STRESS_4_6
S1789645597727_1,P001,Wireless Mouse,1,25.99,2026-09-17,STRESS_7_9
S1789645597739_1,P001,Wireless Mouse,1,25.99,2026-09-17,STRESS_5_9
S1789645597215_1,P001,Wireless Mouse,1,25.99,2026-09-17,STRESS_9_0
S1789645597752_1,P001,Wireless Mouse,1,25.99,2026-09-17,STRESS_4_9
S1789645597770_1,P001,Wireless Mouse,1,25.99,2026-09-17,STRESS_7_12
S1789645597771_1,P001,Wireless Mouse,1,25.99,2026-09-17,STRESS_5_12
S1789645597793_1,P001,Wireless Mouse,1,25.99,2026-09-17,STRESS_9_3
S1789645597806_1,P001,Wireless Mouse,1,25.99,2026-09-17,STRESS_4_12
S1789645597810_1,P001,Wireless Mouse,1,25.99,2026-09-17,STRESS_7_15
S1789645597826_1,P001,Wireless Mouse,1,25.99,2026-09-17,STRESS_9_6
S1789645597837_1,P001,Wireless Mouse,1,25.99,2026-09-17,STRESS_7_18
S1789645597827_1,P001,Wireless Mouse,1,25.99,2026-09-17,STRESS_5_15
S1789645597855_1,P001,Wireless Mouse,1,25.99,2026-09-17,STRESS_9_9
S1789645597782_1,P001,Wireless Mouse,1,25.99,2026-09-17,STRESS_15_3
S1789645597868_1,P001,Wireless Mouse,1,25.99,2026-09-17,STRESS_5_18
S1789645597885_1,P001,Wireless Mouse,1,25.99,2026-09-17,STRESS_4_18
S1789645597896_1,P001,Wireless Mouse,1,25.99,2026-09-17,STRESS_15_6
S1789645597888_1,P001,Wireless Mouse,1,25.99,2026-09-17,STRESS_9_12
S1789645597950_1,P001,Wireless Mouse,1,25.99,2026-09-17,STRESS_15_9
S1789645597963_1,P001,Wireless Mouse,1,25.99,2026-09-17,STRESS_28_15
S1789645597979_1,P001,Wireless Mouse,1,25.99,2026-09-17,STRESS_27_3
S1789645597995_1,P001,Wireless Mouse,1,25.99,2026-09-17,STRESS_28_18
S1789645597998_1,P001,Wireless Mouse,1,25.99,2026-09-17,STRESS_15_12
S1789645598020_1,P001,Wireless Mouse,1,25.99,2026-09-17,STRESS_27_6
S1789645598031_1,P001,Wireless Mouse,1,25.99,2026-09-17,STRESS_9_18
S1789645598044_1,P001,Wireless Mouse,1,25.99,2026-09-17,STRESS_27_9
S1789645597997_1,P001,Wireless Mouse,1,25.99,2026-09-17,STRESS_8_3
S1789645597208_1,P001,Wireless Mouse,1,25.99,2026-09-17,STRESS_17_0
S1789645598091_1,P001,Wireless Mouse,1,25.99,2026-09-17,STRESS_8_6
S1789645598106_1,P001,Wireless Mouse,1,25.99,2026-09-17,STRESS_27_15
S1789645598107_1,P001,Wireless Mouse,1,25.99,2026-09-17,STRESS_17_3
S1789645598118_1,P001,Wireless Mouse,1,25.99,2026-09-17,STRESS_8_9
S1789645598139_1,P001,Wireless Mouse,1,25.99,2026-09-17,STRESS_27_18
S1789645598140_1,P001,Wireless Mouse,1,25.99,2026-09-17,STRESS_17_6
S1789645598151_1,P001,Wireless Mouse,1,25.99,2026-09-17,STRESS_8_12
S1789645598170_1,P001,Wireless Mouse,1,25.99,2026-09-17,STRESS_17_9
S1789645598182_1,P001,Wireless Mouse,1,25.99,2026-09-17,STRESS_8_15
S1789645598196_1,P001,Wireless Mouse,1,25.99,2026-09-17,STRESS_21_3
S1789645598215_1,P001,Wireless Mouse,1,25.99,2026-09-17,STRESS_17_15
S1789645598204_1,P001,Wireless Mouse,1,25.99,2026-09-17,STRESS_8_18
S1789645598238_1,P001,Wireless Mouse,1,25.99,2026-09-17,STRESS_21_6
S1789645598258_1,P001,Wireless Mouse,1,25.99,2026-09-17,STRESS_21_9
S1789645598276_1,P001,Wireless Mouse,1,25.99,2026-09-17,STRESS_21_12
S1789645598292_1,P001,Wireless Mouse,1,25.99,2026-09-17,STRESS_21_15
S1789645598306_1,P001,Wireless Mouse,1,25.99,2026-09-17,STRESS_23_3
S1789645598318_1,P001,Wireless Mouse,1,25.99,2026-09-17,STRESS_21_18
S1789645598327_1,P001,Wireless Mouse,1,25.99,2026-09-17,STRESS_1_3
S1789645598340_1,P001,Wireless Mouse,1,25.99,2026-09-17,STRESS_23_6
S1789645598354_1,P001,Wireless Mouse,1,25.99,2026-09-17,STRESS_1_6
S1789645598364_1,P001,Wireless Mouse,1,25.99,2026-09-17,STRESS_23_9
S1789645598373_1,P001,Wireless Mouse,1,25.99,2026-09-17,STRESS_1_9
S1789645598387_1,P001,Wireless Mouse,1,25.99,2026-09-17,STRESS_23_12
S1789645598401_1,P001,Wireless Mouse,1,25.99,2026-09-17,STRESS_1_12
S1789645598414_1,P001,Wireless Mouse,1,25.99,2026-09-17,STRESS_23_15
S1789645598424_1,P001,Wireless Mouse,1,25.99,2026-09-17,STRESS_1_15
S1789645598434_1,P001,Wireless Mouse,1,25.99,2026-09-17,STRESS_24_3
S1789645598435_1,P001,Wireless Mouse,1,25.99,2026-09-17,STRESS_23_18
S1789645598447_1,P001,Wireless Mouse,1,25.99,2026-09-17,STRESS_1_18
S1789645598465_1,P001,Wireless Mouse,1,25.99,2026-09-17,STRESS_24_6
S1789645598483_1,P001,Wireless Mouse,1,25.99,2026-09-17,STRESS_24_9
S1789645598500_1,P001,Wireless Mouse,1,25.99,2026-09-17,STRESS_24_12
S1789645598522_1,P001,Wireless Mouse,1,25.99,2026-09-17,STRESS_24_15
S1789645597224_1,P001,Wireless Mouse,1,25.99,2026-09-17,STRESS_14_0
S1789645598545_1,P001,Wireless Mouse,1,25.99,2026-09-17,STRESS_24_18
S1789645598554_1,P001,Wireless Mouse,1,25.99,2026-09-17,STRESS_14_3
S1789645598577_1,P001,Wireless Mouse,1,25.99,2026-09-17,STRESS_14_6
S1789645598599_1,P001,Wireless Mouse,1,25.99,2026-09-17,STRESS_14_9
S1789645598619_1,P001,Wireless Mouse,1,25.99,2026-09-17,STRESS_14_12
S1789645598638_1,P001,Wireless Mouse,1,25.99,2026-09-17,STRESS_14_15
S1789645598648_1,P001,Wireless Mouse,1,25.99,2026-09-17,STRESS_18_3
S1789645598661_1,P001,Wireless Mouse,1,25.99,2026-09-17,STRESS_14_18
S1789645598686_1,P001,Wireless Mouse,1,25.99,2026-09-17,STRESS_18_6
S1789645598705_1,P001,Wireless Mouse,1,25.99,2026-09-17,STRESS_18_9
S1789645598725_1,P001,Wireless Mouse,1,25.99,2026-09-17,STRESS_18_12
S1789645598741_1,P001,Wireless Mouse,1,25.99,2026-09-17,STRESS_18_15
S1789645597218_1,P001,Wireless Mouse,1,25.99,2026-09-17,STRESS_16_0
S1789645598759_1,P001,Wireless Mouse,1,25.99,2026-09-17,STRESS_18_18
S1789645598769_1,P001,Wireless Mouse,1,25.99,2026-09-17,STRESS_16_3
S1789645598788_1,P001,Wireless Mouse,1,25.99,2026-09-17,STRESS_16_6
S1789645598802_1,P001,Wireless Mouse,1,25.99,2026-09-17,STRESS_16_9
S1789645598818_1,P001,Wireless Mouse,1,25.99,2026-09-17,STRESS_16_12
S1789645598835_1,P001,Wireless Mouse,1,25.99,2026-09-17,STRESS_16_15
S1789645598851_1,P001,Wireless Mouse,1,25.99,2026-09-17,STRESS_16_18
S1789645598868_1,P001,Wireless Mouse,1,25.99,2026-09-17,STRESS_0_3
S1789645598885_1,P001,Wireless Mouse,1,25.99,2026-09-17,STRESS_0_6
S1789645598933_1,P001,Wireless Mouse,1,25.99,2026-09-17,STRESS_0_9
S1789645598950_1,P001,Wireless Mouse,1,25.99,2026-09-17,STRESS_0_12
S1789645598969_1,P001,Wireless Mouse,1,25.99,2026-09-17,STRESS_29_3
S1789645598987_1,P001,Wireless Mouse,1,25.99,2026-09-17,STRESS_0_18
S1789645599002_1,P001,Wireless Mouse,1,25.99,2026-09-17,STRESS_29_6
S1789645599022_1,P001,Wireless Mouse,1,25.99,2026-09-17,STRESS_29_9
S1789645599044_1,P001,Wireless Mouse,1,25.99,2026-09-17,STRESS_29_12
S1789645599063_1,P001,Wireless Mouse,1,25.99,2026-09-17,STRESS_29_15
S1789645599078_1,P001,Wireless Mouse,1,25.99,2026-09-17,STRESS_26_3
S1789645599087_1,P001,Wireless Mouse,1,25.99,2026-09-17,STRESS_29_18
S1789645599102_1,P001,Wireless Mouse,1,25.99,2026-09-17,STRESS_26_6
S1789645597212_1,P001,Wireless Mouse,1,25.99,2026-09-17,STRESS_19_0
S1789645659369_374bbf,P004,Ergonomic Chair,1,199.99,2026-09-17,STRESS_13_0
S1789645659391_9cedc1,P001,Wireless Mouse,1,25.99,2026-09-17,STRESS_0_0
S1789645659384_b65b8c,P003,Standing Desk,1,299.5,2026-09-17,STRESS_7_0
S1789645659372_51526e,P002,Mechanical Keyboard,1,79.99,2026-09-17,STRESS_21_0
S1789645659422_959ed8,P001,Wireless Mouse,1,25.99,2026-09-17,STRESS_13_2
S1789645659437_16abb7,P005,USB-C Hub,1,19.99,2026-09-17,STRESS_7_2
S1789645659369_2a9a00,P002,Mechanical Keyboard,1,79.99,2026-09-17,STRESS_6_0
S1789645659454_9de936,P004,Ergonomic Chair,1,199.99,2026-09-17,STRESS_21_2
S1789645659465_71715e,P003,Standing Desk,1,299.5,2026-09-17,STRESS_13_4
S1789645659368_633c2f,P003,Standing Desk,1,299.5,2026-09-17,STRESS_22_0
S1789645659378_ab79d4,P004,Ergonomic Chair,1,199.99,2026-09-17,STRESS_23_0
S1789645659490_23439e,P004,Ergonomic Chair,1,199.99,2026-09-17,STRESS_6_2
S1789645659513_041fd1,P001,Wireless Mouse,1,25.99,2026-09-17,STRESS_23_2
S1789645659515_7bae19,P005,USB-C Hub,1,19.99,2026-09-17,STRESS_22_2
S1789645659454_07a90f,P003,Standing Desk,1,299.5,2026-09-17,STRESS_0_2
S1789645659489_4f6df2,P001,Wireless Mouse,1,25.99,2026-09-17,STRESS_21_4
S1789645659537_dadb8d,P003,Standing Desk,1,299.5,2026-09-17,STRESS_23_4
S1789645659543_493d1b,P001,Wireless Mouse,1,25.99,2026-09-17,STRESS_6_4
S1789645659486_3a5a40,P002,Mechanical Keyboard,1,79.99,2026-09-17,STRESS_7_4
S1789645659563_9f2c8c,P005,USB-C Hub,1,19.99,2026-09-17,STRESS_0_4
S1789645659575_78c243,P002,Mechanical Keyboard,1,79.99,2026-09-17,STRESS_22_4
S1789645659380_0ef9c7,P004,Ergonomic Chair,1,199.99,2026-09-17,STRESS_3_0
S1789645659566_af4815,P005,USB-C Hub,1,19.99,2026-09-17,STRESS_23_6
S1789645659609_827c5b,P003,Standing Desk,1,299.5,2026-09-17,STRESS_21_6
S1789645659515_302fc2,P005,USB-C Hub,1,19.99,2026-09-17,STRESS_13_6
S1789645659636_c34f30,P003,Standing Desk,1,299.5,2026-09-17,STRESS_6_6
S1789645659637_fb9b4f,P004,Ergonomic Chair,1,199.99,2026-09-17,STRESS_7_6
S1789645659658_48d104,P005,USB-C Hub,1,19.99,2026-09-17,STRESS_21_8
S1789645659667_705910,P005,USB-C Hub,1,19.99,2026-09-17,STRESS_6_8
S1789645659637_56842d,P002,Mechanical Keyboard,1,79.99,2026-09-17,STRESS_23_8
S1789645659687_d19d17,P001,Wireless Mouse,1,25.99,2026-09-17,STRESS_7_8
S1789645659698_0855d5,P002,Mechanical Keyboard,1,79.99,2026-09-17,STRESS_21_10
S1789645659380_d9a005,P003,Standing Desk,1,299.5,2026-09-17,STRESS_12_0
S1789645659716_860772,P004,Ergonomic Chair,1,199.99,2026-09-17,STRESS_23_10
S1789645659718_8e345d,P002,Mechanical Keyboard,1,79.99,2026-09-17,STRESS_6_10
S1789645659726_96eb24,P003,Standing Desk,1,299.5,2026-09-17,STRESS_7_10
S1789645659635_1a3e6d,P001,Wireless Mouse,1,25.99,2026-09-17,STRESS_3_2
S1789645659743_104e42,P005,USB-C Hub,1,19.99,2026-09-17,STRESS_12_2
S1789645659751_b8e42d,P004,Ergonomic Chair,1,199.99,2026-09-17,STRESS_21_12
S1789645659658_d07ae3,P002,Mechanical Keyboard,1,79.99,2026-09-17,STRESS_13_8
S1789645659771_4f1afd,P004,Ergonomic Chair,1,199.99,2026-09-17,STRESS_6_12
S1789645659785_0d9f76,P005,USB-C Hub,1,19.99,2026-09-17,STRESS_7_12
S1789645659790_c010e9,P001,Wireless Mouse,1,25.99,2026-09-17,STRESS_23_12
S1789645659638_9811c7,P004,Ergonomic Chair,1,199.99,2026-09-17,STRESS_22_6
S1789645659377_8e1a5c,P001,Wireless Mouse,1,25.99,2026-09-17,STRESS_10_0
S1789645659818_318b77,P001,Wireless Mouse,1,25.99,2026-09-17,STRESS_21_14
S1789645659814_861c59,P003,Standing Desk,1,299.5,2026-09-17,STRESS_3_4
S1789645659846_8120ed,P004,Ergonomic Chair,1,199.99,2026-09-17,STRESS_13_10
S1789645659857_aa747a,P001,Wireless Mouse,1,25.99,2026-09-17,STRESS_6_14
S1789645659865_e790b0,P002,Mechanical Keyboard,1,79.99,2026-09-17,STRESS_7_14
S1789645659818_41a22b,P002,Mechanical Keyboard,1,79.99,2026-09-17,STRESS_12_4
S1789645659891_3fd2e3,P001,Wireless Mouse,1,25.99,2026-09-17,STRESS_22_8
S1789645659894_f8f9ab,P003,Standing Desk,1,299.5,2026-09-17,STRESS_21_16
S1789645659893_7d4637,P003,Standing Desk,1,299.5,2026-09-17,STRESS_10_2
S1789645659912_bb8b0f,P005,USB-C Hub,1,19.99,2026-09-17,STRESS_3_6
S1789645659936_1d8204,P001,Wireless Mouse,1,25.99,2026-09-17,STRESS_13_12
S1789645659947_05bfc7,P003,Standing Desk,1,299.5,2026-09-17,STRESS_6_16
S1789645659637_20ad60,P002,Mechanical Keyboard,1,79.99,2026-09-17,STRESS_0_6
S1789645659970_273b83,P005,USB-C Hub,1,19.99,2026-09-17,STRESS_21_18
S1789645659979_efbfc5,P003,Standing Desk,1,299.5,2026-09-17,STRESS_22_10
S1789645659998_f52906,P005,USB-C Hub,1,19.99,2026-09-17,STRESS_10_4
S1789645659961_31628f,P004,Ergonomic Chair,1,199.99,2026-09-17,STRESS_7_16
S1789645659379_fa88b4,P003,Standing Desk,1,299.5,2026-09-17,STRESS_2_0
S1789645660034_6a51e6,P005,USB-C Hub,1,19.99,2026-09-17,STRESS_6_18
S1789645660059_a97095,P002,Mechanical Keyboard,1,79.99,2026-09-17,STRESS_10_6
S1789645660015_c24e98,P002,Mechanical Keyboard,1,79.99,2026-09-17,STRESS_3_8
S1789645660070_046e16,P001,Wireless Mouse,1,25.99,2026-09-17,STRESS_7_18
S1789645660034_871df6,P003,Standing Desk,1,299.5,2026-09-17,STRESS_13_14
S1789645660087_25fbd9,P005,USB-C Hub,1,19.99,2026-09-17,STRESS_2_2
S1789645660050_150bed,P005,USB-C Hub,1,19.99,2026-09-17,STRESS_22_12
S1789645660104_4e0858,P004,Ergonomic Chair,1,199.99,2026-09-17,STRESS_10_8
S1789645660050_246f2c,P004,Ergonomic Chair,1,199.99,2026-09-17,STRESS_0_8
S1789645660108_729622,P004,Ergonomic Chair,1,199.99,2026-09-17,STRESS_3_10
S1789645660147_b82731,P005,USB-C Hub,1,19.99,2026-09-17,STRESS_13_16
S1789645660156_51cace,P002,Mechanical Keyboard,1,79.99,2026-09-17,STRESS_2_4
S1789645660148_d09917,P002,Mechanical Keyboard,1,79.99,2026-09-17,STRESS_22_14
S1789645659969_e11a18,P004,Ergonomic Chair,1,199.99,2026-09-17,STRESS_12_6
S1789645660181_35e47f,P001,Wireless Mouse,1,25.99,2026-09-17,STRESS_10_10
S1789645660181_255981,P001,Wireless Mouse,1,25.99,2026-09-17,STRESS_0_10
S1789645660211_0e2763,P001,Wireless Mouse,1,25.99,2026-09-17,STRESS_3_12
S1789645660219_5025ec,P004,Ergonomic Chair,1,199.99,2026-09-17,STRESS_2_6
S1789645660219_974347,P004,Ergonomic Chair,1,199.99,2026-09-17,STRESS_22_16
S1789645659373_a2f5bc,P004,Ergonomic Chair,1,199.99,2026-09-17,STRESS_18_0
S1789645660255_b22f69,P003,Standing Desk,1,299.5,2026-09-17,STRESS_0_12
S1789645660195_cd08ca,P002,Mechanical Keyboard,1,79.99,2026-09-17,STRESS_13_18
S1789645660253_9d4a93,P003,Standing Desk,1,299.5,2026-09-17,STRESS_10_12
S1789645660286_f25e18,P001,Wireless Mouse,1,25.99,2026-09-17,STRESS_2_8
S1789645660253_8382fd,P001,Wireless Mouse,1,25.99,2026-09-17,STRESS_12_8
S1789645660304_8d21ab,P001,Wireless Mouse,1,25.99,2026-09-17,STRESS_22_18
S1789645660328_36c1dc,P003,Standing Desk,1,299.5,2026-09-17,STRESS_3_14
S1789645660332_9dc4b7,P001,Wireless Mouse,1,25.99,2026-09-17,STRESS_18_2
S1789645660358_dd27ca,P005,USB-C Hub,1,19.99,2026-09-17,STRESS_10_14
S1789645659380_42f6a6,P003,Standing Desk,1,299.5,2026-09-17,STRESS_17_0
S1789645659379_c9f1a5,P002,Mechanical Keyboard,1,79.99,2026-09-17,STRESS_11_0
S1789645660347_21e9db,P005,USB-C Hub,1,19.99,2026-09-17,STRESS_0_14
S1789645660394_d8d169,P003,Standing Desk,1,299.5,2026-09-17,STRESS_12_10
S1789645660404_a5b383,P005,USB-C Hub,1,19.99,2026-09-17,STRESS_3_16
S1789645659859_2fab84,P003,Standing Desk,1,299.5,2026-09-17,STRESS_23_14
S1789645660418_a434b6,P003,Standing Desk,1,299.5,2026-09-17,STRESS_2_10
S1789645660424_1e4866,P003,Standing Desk,1,299.5,2026-09-17,STRESS_18_4
S1789645660436_848dc1,P002,Mechanical Keyboard,1,79.99,2026-09-17,STRESS_10_16
S1789645660463_bdef9b,P004,Ergonomic Chair,1,199.99,2026-09-17,STRESS_11_2
S1789645660464_fa9e28,P005,USB-C Hub,1,19.99,2026-09-17,STRESS_17_2
S1789645660471_cd9eb9,P002,Mechanical Keyboard,1,79.99,2026-09-17,STRESS_0_16
S1789645660501_46dc94,P005,USB-C Hub,1,19.99,2026-09-17,STRESS_23_16
S1789645660508_f976b3,P005,USB-C Hub,1,19.99,2026-09-17,STRESS_12_12
S1789645660515_3d7e22,P002,Mechanical Keyboard,1,79.99,2026-09-17,STRESS_3_18
S1789645660538_1caf9d,P004,Ergonomic Chair,1,199.99,2026-09-17,STRESS_10_18
S1789645660547_f7c88f,P005,USB-C Hub,1,19.99,2026-09-17,STRESS_18_6
S1789645660563_327805,P005,USB-C Hub,1,19.99,2026-09-17,STRESS_2_12
S1789645660567_397ca4,P002,Mechanical Keyboard,1,79.99,2026-09-17,STRESS_17_4
S1789645660574_16129f,P004,Ergonomic Chair,1,199.99,2026-09-17,STRESS_0_18
S1789645660563_fa9943,P001,Wireless Mouse,1,25.99,2026-09-17,STRESS_11_4
S1789645660604_425b80,P002,Mechanical Keyboard,1,79.99,2026-09-17,STRESS_12_14
S1789645660604_69e87a,P002,Mechanical Keyboard,1,79.99,2026-09-17,STRESS_23_18
S1789645660633_511497,P002,Mechanical Keyboard,1,79.99,2026-09-17,STRESS_18_8
S1789645660662_c86c46,P003,Standing Desk,1,299.5,2026-09-17,STRESS_11_6
S1789645660665_8ab9da,P002,Mechanical Keyboard,1,79.99,2026-09-17,STRESS_2_14
S1789645659378_5aaa35,P001,Wireless Mouse,1,25.99,2026-09-17,STRESS_15_0
S1789645660700_9c33e6,P004,Ergonomic Chair,1,199.99,2026-09-17,STRESS_18_10
S1789645660717_2cd283,P004,Ergonomic Chair,1,199.99,2026-09-17,STRESS_2_16
S1789645660691_feb394,P004,Ergonomic Chair,1,199.99,2026-09-17,STRESS_17_6
S1789645660704_b9752e,P005,USB-C Hub,1,19.99,2026-09-17,STRESS_11_8
S1789645660746_724a85,P001,Wireless Mouse,1,25.99,2026-09-17,STRESS_18_12
S1789645660701_a279b1,P004,Ergonomic Chair,1,199.99,2026-09-17,STRESS_12_16
S1789645660763_08ab63,P001,Wireless Mouse,1,25.99,2026-09-17,STRESS_2_18
S1789645660746_09a409,P003,Standing Desk,1,299.5,2026-09-17,STRESS_15_2
S1789645660771_90538a,P001,Wireless Mouse,1,25.99,2026-09-17,STRESS_17_8
S1789645660790_77162c,P002,Mechanical Keyboard,1,79.99,2026-09-17,STRESS_11_10
S1789645660792_d39f26,P001,Wireless Mouse,1,25.99,2026-09-17,STRESS_12_18
S1789645659380_3ef552,P001,Wireless Mouse,1,25.99,2026-09-17,STRESS_5_0
S1789645660812_f5fff9,P003,Standing Desk,1,299.5,2026-09-17,STRESS_18_14
S1789645660828_bf1197,P005,USB-C Hub,1,19.99,2026-09-17,STRESS_15_4
S1789645660845_37955f,P003,Standing Desk,1,299.5,2026-09-17,STRESS_17_10
S1789645660869_5e1948,P004,Ergonomic Chair,1,199.99,2026-09-17,STRESS_11_12
S1789645660872_b7aff3,P003,Standing Desk,1,299.5,2026-09-17,STRESS_5_2
S1789645660895_5fb99d,P005,USB-C Hub,1,19.99,2026-09-17,STRESS_18_16
S1789645660896_bc0471,P002,Mechanical Keyboard,1,79.99,2026-09-17,STRESS_15_6
S1789645660896_939166,P005,USB-C Hub,1,19.99,2026-09-17,STRESS_17_12
S1789645660918_4366e7,P005,USB-C Hub,1,19.99,2026-09-17,STRESS_5_4
S1789645660919_e41866,P001,Wireless Mouse,1,25.99,2026-09-17,STRESS_11_14
S1789645660947_738598,P002,Mechanical Keyboard,1,79.99,2026-09-17,STRESS_18_18
S1789645660959_d0c2d9,P004,Ergonomic Chair,1,199.99,2026-09-17,STRESS_15_8
S1789645660964_d0634f,P002,Mechanical Keyboard,1,79.99,2026-09-17,STRESS_17_14
S1789645660972_1ec502,P002,Mechanical Keyboard,1,79.99,2026-09-17,STRESS_5_6
S1789645660986_c59bbb,P003,Standing Desk,1,299.5,2026-09-17,STRESS_11_16
S1789645661003_bc5c48,P001,Wireless Mouse,1,25.99,2026-09-17,STRESS_15_10
S1789645659380_a5bbb5,P005,USB-C Hub,1,19.99,2026-09-17,STRESS_9_0
S1789645661032_586fd2,P004,Ergonomic Chair,1,199.99,2026-09-17,STRESS_5_8
S1789645661044_3b6d61,P003,Standing Desk,1,299.5,2026-09-17,STRESS_15_12
S1789645661033_822fce,P005,USB-C Hub,1,19.99,2026-09-17,STRESS_11_18
S1789645661032_095fbe,P004,Ergonomic Chair,1,199.99,2026-09-17,STRESS_17_16
S1789645661066_5baf08,P002,Mechanical Keyboard,1,79.99,2026-09-17,STRESS_9_2
S1789645661078_74ec2b,P001,Wireless Mouse,1,25.99,2026-09-17,STRESS_5_10
S1789645661089_04cad9,P005,USB-C Hub,1,19.99,2026-09-17,STRESS_15_14
S1789645661108_d0cafd,P004,Ergonomic Chair,1,199.99,2026-09-17,STRESS_9_4
S1789645661108_cbd057,P001,Wireless Mouse,1,25.99,2026-09-17,STRESS_17_18
S1789645661121_3aa4e9,P003,Standing Desk,1,299.5,2026-09-17,STRESS_5_12
S1789645659384_48542c,P005,USB-C Hub,1,19.99,2026-09-17,STRESS_24_0
S1789645661139_68ef22,P002,Mechanical Keyboard,1,79.99,2026-09-17,STRESS_15_16
S1789645661156_487b06,P001,Wireless Mouse,1,25.99,2026-09-17,STRESS_9_6
S1789645661176_d71ead,P005,USB-C Hub,1,19.99,2026-09-17,STRESS_5_14
S1789645661176_10458f,P002,Mechanical Keyboard,1,79.99,2026-09-17,STRESS_24_2
S1789645661188_bffc89,P004,Ergonomic Chair,1,199.99,2026-09-17,STRESS_15_18
S1789645661201_c1d423,P003,Standing Desk,1,299.5,2026-09-17,STRESS_9_8
S1789645661219_f5e89a,P004,Ergonomic Chair,1,199.99,2026-09-17,STRESS_24_4
S1789645661221_50d20f,P002,Mechanical Keyboard,1,79.99,2026-09-17,STRESS_5_16
S1789645659384_e9689b,P004,Ergonomic Chair,1,199.99,2026-09-17,STRESS_8_0
S1789645661250_9683bf,P001,Wireless Mouse,1,25.99,2026-09-17,STRESS_24_6
S1789645661253_38b4dd,P005,USB-C Hub,1,19.99,2026-09-17,STRESS_9_10
S1789645661264_91f8f8,P004,Ergonomic Chair,1,199.99,2026-09-17,STRESS_5_18
S1789645661279_2bfe7d,P001,Wireless Mouse,1,25.99,2026-09-17,STRESS_8_2
S1789645661297_30b596,P003,Standing Desk,1,299.5,2026-09-17,STRESS_24_8
S1789645661306_2a02c6,P002,Mechanical Keyboard,1,79.99,2026-09-17,STRESS_9_12
S1789645661322_4e0902,P003,Standing Desk,1,299.5,2026-09-17,STRESS_8_4
S1789645661336_7ed3b4,P005,USB-C Hub,1,19.99,2026-09-17,STRESS_24_10
S1789645661337_7d7540,P004,Ergonomic Chair,1,199.99,2026-09-17,STRESS_9_14
S1789645659372_0a0951,P005,USB-C Hub,1,19.99,2026-09-17,STRESS_4_0
S1789645661361_431ee6,P005,USB-C Hub,1,19.99,2026-09-17,STRESS_8_6
S1789645661376_ef3e8b,P002,Mechanical Keyboard,1,79.99,2026-09-17,STRESS_24_12
S1789645661386_1bba55,P001,Wireless Mouse,1,25.99,2026-09-17,STRESS_9_16
S1789645661397_5174dd,P002,Mechanical Keyboard,1,79.99,2026-09-17,STRESS_4_2
S1789645661411_560ec0,P004,Ergonomic Chair,1,199.99,2026-09-17,STRESS_24_14
S1789645661411_1fe701,P002,Mechanical Keyboard,1,79.99,2026-09-17,STRESS_8_8
S1789645661426_ce9c46,P003,Standing Desk,1,299.5,2026-09-17,STRESS_9_18
S1789645661441_26dd01,P004,Ergonomic Chair,1,199.99,2026-09-17,STRESS_4_4
S1789645661452_057786,P001,Wireless Mouse,1,25.99,2026-09-17,STRESS_24_16
S1789645661461_517064,P004,Ergonomic Chair,1,199.99,2026-09-17,STRESS_8_10
S1789645661480_8cd5a1,P001,Wireless Mouse,1,25.99,2026-09-17,STRESS_4_6
S1789645661489_7d25f7,P003,Standing Desk,1,299.5,2026-09-17,STRESS_24_18
S1789645661502_5c69b5,P001,Wireless Mouse,1,25.99,2026-09-17,STRESS_8_12
S1789645661513_1b2fa4,P003,Standing Desk,1,299.5,2026-09-17,STRESS_4_8
S1789645661536_80aea3,P003,Standing Desk,1,299.5,2026-09-17,STRESS_8_14
S1789645661545_2ba94c,P005,USB-C Hub,1,19.99,2026-09-17,STRESS_4_10
S1789645661559_6e149e,P005,USB-C Hub,1,19.99,2026-09-17,STRESS_8_16
S1789645659378_ee9d60,P005,USB-C Hub,1,19.99,2026-09-17,STRESS_19_0
S1789645661578_22f294,P002,Mechanical Keyboard,1,79.99,2026-09-17,STRESS_4_12
S1789645661589_0a2475,P002,Mechanical Keyboard,1,79.99,2026-09-17,STRESS_8_18
S1789645661602_3872bb,P002,Mechanical Keyboard,1,79.99,2026-09-17,STRESS_19_2
S1789645661618_ea0840,P004,Ergonomic Chair,1,199.99,2026-09-17,STRESS_4_14
S1789645661630_df3394,P004,Ergonomic Chair,1,199.99,2026-09-17,STRESS_19_4
S1789645661645_9759a4,P001,Wireless Mouse,1,25.99,2026-09-17,STRESS_4_16
S1789645661655_fa6b18,P001,Wireless Mouse,1,25.99,2026-09-17,STRESS_19_6
S1789645661667_e4e4b3,P003,Standing Desk,1,299.5,2026-09-17,STRESS_4_18
S1789645659380_b362de,P002,Mechanical Keyboard,1,79.99,2026-09-17,STRESS_16_0
S1789645661689_fcd381,P003,Standing Desk,1,299.5,2026-09-17,STRESS_19_8
S1789645661701_e3ab34,P004,Ergonomic Chair,1,199.99,2026-09-17,STRESS_16_2
S1789645661713_9e4685,P005,USB-C Hub,1,19.99,2026-09-17,STRESS_19_10
S1789645661727_35b48d,P001,Wireless Mouse,1,25.99,2026-09-17,STRESS_16_4
S1789645661738_1d10f7,P002,Mechanical Keyboard,1,79.99,2026-09-17,STRESS_19_12
S1789645661751_cb6f20,P003,Standing Desk,1,299.5,2026-09-17,STRESS_16_6
S1789645661769_20f516,P004,Ergonomic Chair,1,199.99,2026-09-17,STRESS_19_14
S1789645659372_335062,P001,Wireless Mouse,1,25.99,2026-09-17,STRESS_20_0
S1789645661794_026280,P001,Wireless Mouse,1,25.99,2026-09-17,STRESS_19_16
S1789645661783_9285b6,P005,USB-C Hub,1,19.99,2026-09-17,STRESS_16_8
S1789645661810_ddf87a,P003,Standing Desk,1,299.5,2026-09-17,STRESS_20_2
S1789645661823_3e5bff,P003,Standing Desk,1,299.5,2026-09-17,STRESS_19_18
S1789645661835_17e9bf,P002,Mechanical Keyboard,1,79.99,2026-09-17,STRESS_16_10
S1789645661847_aaa401,P005,USB-C Hub,1,19.99,2026-09-17,STRESS_20_4
S1789645661872_706618,P004,Ergonomic Chair,1,199.99,2026-09-17,STRESS_16_12
S1789645661879_55a039,P002,Mechanical Keyboard,1,79.99,2026-09-17,STRESS_20_6
S1789645659378_49714e,P005,USB-C Hub,1,19.99,2026-09-17,STRESS_14_0
S1789645661900_a573b2,P001,Wireless Mouse,1,25.99,2026-09-17,STRESS_16_14
S1789645661910_3cf507,P004,Ergonomic Chair,1,199.99,2026-09-17,STRESS_20_8
S1789645661928_b1cc76,P002,Mechanical Keyboard,1,79.99,2026-09-17,STRESS_14_2
S1789645661928_50fa45,P003,Standing Desk,1,299.5,2026-09-17,STRESS_16_16
S1789645661940_dfbeb9,P001,Wireless Mouse,1,25.99,2026-09-17,STRESS_20_10
S1789645661965_628f46,P004,Ergonomic Chair,1,199.99,2026-09-17,STRESS_14_4
S1789645661976_e1709a,P003,Standing Desk,1,299.5,2026-09-17,STRESS_20_12
S1789645661967_d8aa16,P005,USB-C Hub,1,19.99,2026-09-17,STRESS_16_18
S1789645659380_2fa395,P002,Mechanical Keyboard,1,79.99,2026-09-17,STRESS_1_0
S1789645662000_000fe5,P005,USB-C Hub,1,19.99,2026-09-17,STRESS_20_14
S1789645661999_8ef367,P001,Wireless Mouse,1,25.99,2026-09-17,STRESS_14_6
S1789645662030_3aa4a4,P004,Ergonomic Chair,1,199.99,2026-09-17,STRESS_1_2
S1789645662056_02cabf,P002,Mechanical Keyboard,1,79.99,2026-09-17,STRESS_20_16
S1789645662065_610e90,P003,Standing Desk,1,299.5,2026-09-17,STRESS_14_8
S1789645662092_ed139f,P001,Wireless Mouse,1,25.99,2026-09-17,STRESS_1_4
S1789645662094_2a4526,P004,Ergonomic Chair,1,199.99,2026-09-17,STRESS_20_18
S1789645662114_78ff57,P005,USB-C Hub,1,19.99,2026-09-17,STRESS_14_10
S1789645662141_ae68e0,P003,Standing Desk,1,299.5,2026-09-17,STRESS_1_6
S1789645662171_7b0c5c,P002,Mechanical Keyboard,1,79.99,2026-09-17,STRESS_14_12
S1789645662174_c1fbd1,P005,USB-C Hub,1,19.99,2026-09-17,STRESS_1_8
S1789645662206_889d1e,P004,Ergonomic Chair,1,199.99,2026-09-17,STRESS_14_14
S1789645662233_a77430,P002,Mechanical Keyboard,1,79.99,2026-09-17,STRESS_1_10
S1789645662252_562f0b,P001,Wireless Mouse,1,25.99,2026-09-17,STRESS_14_16
S1789645662296_169894,P003,Standing Desk,1,299.5,2026-09-17,STRESS_14_18
S1789645662299_2cb4d2,P004,Ergonomic Chair,1,199.99,2026-09-17,STRESS_1_12
S1789645662347_5331b3,P001,Wireless Mouse,1,25.99,2026-09-17,STRESS_1_14
S1789645662367_688bc2,P003,Standing Desk,1,299.5,2026-09-17,STRESS_1_16
S1789645662385_58916b,P005,USB-C Hub,1,19.99,2026-09-17,STRESS_1_18
S1789645725682_d303e5,P001,Wireless Mouse,2,25.99,2026-09-17,C_TEST
S1789645725780_4e4aee,P002,Mechanical Keyboard,1,79.99,2026-09-17,API_TEST
S1789646361059_62b229,P002,Mechanical Keyboard,1,79.99,2026-09-17,STRESS_6_0
S1789646361058_cd3c02,P002,Mechanical Keyboard,1,79.99,2026-09-17,STRESS_21_0
S1789646361072_a048f7,P002,Mechanical Keyboard,1,79.99,2026-09-17,STRESS_1_0
S1789646361059_386481,P003,Standing Desk,1,299.5,2026-09-17,STRESS_22_0
S1789646361135_6ef937,P004,Ergonomic Chair,1,199.99,2026-09-17,STRESS_21_2
S1789646361071_3f2146,P001,Wireless Mouse,1,25.99,2026-09-17,STRESS_5_0
S1789646361071_85a4f1,P004,Ergonomic Chair,1,199.99,2026-09-17,STRESS_23_0
S1789646361155_bde94b,P005,USB-C Hub,1,19.99,2026-09-17,STRESS_22_2
S1789646361135_8e055c,P004,Ergonomic Chair,1,199.99,2026-09-17,STRESS_6_2
S1789646361185_a73072,P003,Standing Desk,1,299.5,2026-09-17,STRESS_5_2
S1789646361185_e9d1d3,P001,Wireless Mouse,1,25.99,2026-09-17,STRESS_21_4
S1789646361069_97a771,P005,USB-C Hub,1,19.99,2026-09-17,STRESS_9_0
S1789646361154_8e5443,P004,Ergonomic Chair,1,199.99,2026-09-17,STRESS_1_2
S1789646361228_928ae2,P002,Mechanical Keyboard,1,79.99,2026-09-17,STRESS_22_4
S1789646361071_f9adad,P004,Ergonomic Chair,1,199.99,2026-09-17,STRESS_13_0
S1789646361244_f97698,P001,Wireless Mouse,1,25.99,2026-09-17,STRESS_6_4
S1789646361230_aa5e58,P001,Wireless Mouse,1,25.99,2026-09-17,STRESS_23_2
S1789646361072_37246f,P004,Ergonomic Chair,1,199.99,2026-09-17,STRESS_3_0
S1789646361275_53cf9b,P005,USB-C Hub,1,19.99,2026-09-17,STRESS_5_4
S1789646361064_b7ec1f,P003,Standing Desk,1,299.5,2026-09-17,STRESS_7_0
S1789646361076_4e50f9,P001,Wireless Mouse,1,25.99,2026-09-17,STRESS_0_0
S1789646361060_540901,P003,Standing Desk,1,299.5,2026-09-17,STRESS_2_0
S1789646361329_a5aaf2,P002,Mechanical Keyboard,1,79.99,2026-09-17,STRESS_9_2
S1789646361071_0af675,P001,Wireless Mouse,1,25.99,2026-09-17,STRESS_20_0
S1789646361327_083e6a,P003,Standing Desk,1,299.5,2026-09-17,STRESS_21_6
S1789646361061_6f29a8,P003,Standing Desk,1,299.5,2026-09-17,STRESS_17_0
S1789646361072_726195,P002,Mechanical Keyboard,1,79.99,2026-09-17,STRESS_16_0
S1789646361406_d58214,P001,Wireless Mouse,1,25.99,2026-09-17,STRESS_13_2
S1789646361423_ef6b6e,P001,Wireless Mouse,1,25.99,2026-09-17,STRESS_1_4
S1789646361388_fdb2df,P003,Standing Desk,1,299.5,2026-09-17,STRESS_23_4
S1789646361438_fa014d,P005,USB-C Hub,1,19.99,2026-09-17,STRESS_7_2
S1789646361438_23fe1d,P004,Ergonomic Chair,1,199.99,2026-09-17,STRESS_22_6
S1789646361454_ce2b2e,P003,Standing Desk,1,299.5,2026-09-17,STRESS_6_6
S1789646361455_4f6171,P003,Standing Desk,1,299.5,2026-09-17,STRESS_0_2
S1789646361437_980958,P001,Wireless Mouse,1,25.99,2026-09-17,STRESS_3_2
S1789646361070_c30133,P005,USB-C Hub,1,19.99,2026-09-17,STRESS_24_0
S1789646361484_93743e,P002,Mechanical Keyboard,1,79.99,2026-09-17,STRESS_5_6
S1789646361072_4554d0,P005,USB-C Hub,1,19.99,2026-09-17,STRESS_19_0
S1789646361553_00d5a8,P003,Standing Desk,1,299.5,2026-09-17,STRESS_20_2
S1789646361556_e234c9,P004,Ergonomic Chair,1,199.99,2026-09-17,STRESS_9_4
S1789646361580_a44218,P005,USB-C Hub,1,19.99,2026-09-17,STRESS_21_8
S1789646361072_9354ac,P002,Mechanical Keyboard,1,79.99,2026-09-17,STRESS_11_0
S1789646361604_f32a3a,P005,USB-C Hub,1,19.99,2026-09-17,STRESS_2_2
S1789646361072_537327,P005,USB-C Hub,1,19.99,2026-09-17,STRESS_14_0
S1789646361663_0f5e83,P004,Ergonomic Chair,1,199.99,2026-09-17,STRESS_16_2
S1789646361681_cbd560,P005,USB-C Hub,1,19.99,2026-09-17,STRESS_23_6
S1789646361697_2ffe1c,P002,Mechanical Keyboard,1,79.99,2026-09-17,STRESS_7_4
S1789646361068_d86b19,P001,Wireless Mouse,1,25.99,2026-09-17,STRESS_15_0
S1789646361723_738094,P003,Standing Desk,1,299.5,2026-09-17,STRESS_1_6
S1789646361728_233030,P005,USB-C Hub,1,19.99,2026-09-17,STRESS_0_4
S1789646361685_9b851c,P005,USB-C Hub,1,19.99,2026-09-17,STRESS_17_2
S1789646361736_0e5022,P003,Standing Desk,1,299.5,2026-09-17,STRESS_13_4
S1789646361765_fe1280,P003,Standing Desk,1,299.5,2026-09-17,STRESS_3_4
S1789646361770_f482a5,P002,Mechanical Keyboard,1,79.99,2026-09-17,STRESS_24_2
S1789646361770_bb3258,P001,Wireless Mouse,1,25.99,2026-09-17,STRESS_22_8
S1789646361769_6ee66c,P005,USB-C Hub,1,19.99,2026-09-17,STRESS_6_8
S1789646361818_d70051,P004,Ergonomic Chair,1,199.99,2026-09-17,STRESS_5_8
S1789646361072_f1f1f9,P001,Wireless Mouse,1,25.99,2026-09-17,STRESS_10_0
S1789646361853_039f3f,P002,Mechanical Keyboard,1,79.99,2026-09-17,STRESS_19_2
S1789646361891_3c059f,P004,Ergonomic Chair,1,199.99,2026-09-17,STRESS_11_2
S1789646361070_2c2df9,P004,Ergonomic Chair,1,199.99,2026-09-17,STRESS_8_0
S1789646361935_4d4038,P002,Mechanical Keyboard,1,79.99,2026-09-17,STRESS_2_4
S1789646361956_9e7e84,P005,USB-C Hub,1,19.99,2026-09-17,STRESS_20_4
S1789646361973_efd6e8,P002,Mechanical Keyboard,1,79.99,2026-09-17,STRESS_21_10
S1789646361973_a8c320,P002,Mechanical Keyboard,1,79.99,2026-09-17,STRESS_14_2
S1789646361958_846427,P001,Wireless Mouse,1,25.99,2026-09-17,STRESS_9_6
S1789646361067_cb481b,P004,Ergonomic Chair,1,199.99,2026-09-17,STRESS_18_0
S1789646362056_30b0a0,P004,Ergonomic Chair,1,199.99,2026-09-17,STRESS_7_6
S1789646362064_0ce7b5,P005,USB-C Hub,1,19.99,2026-09-17,STRESS_1_8
S1789646362098_d3b937,P005,USB-C Hub,1,19.99,2026-09-17,STRESS_13_6
S1789646362098_a9eccc,P001,Wireless Mouse,1,25.99,2026-09-17,STRESS_16_4
S1789646362114_0235bd,P001,Wireless Mouse,1,25.99,2026-09-17,STRESS_5_10
S1789646362099_13e2b8,P002,Mechanical Keyboard,1,79.99,2026-09-17,STRESS_23_8
S1789646362134_aa5892,P005,USB-C Hub,1,19.99,2026-09-17,STRESS_3_6
S1789646362114_a31a5e,P003,Standing Desk,1,299.5,2026-09-17,STRESS_22_10
S1789646362170_2b2713,P002,Mechanical Keyboard,1,79.99,2026-09-17,STRESS_17_4
S1789646362172_51d71e,P004,Ergonomic Chair,1,199.99,2026-09-17,STRESS_24_4
S1789646362215_0981cd,P002,Mechanical Keyboard,1,79.99,2026-09-17,STRESS_6_10
S1789646362189_284bbe,P002,Mechanical Keyboard,1,79.99,2026-09-17,STRESS_0_6
S1789646362215_4c08a9,P003,Standing Desk,1,299.5,2026-09-17,STRESS_15_2
S1789646362299_abd44a,P003,Standing Desk,1,299.5,2026-09-17,STRESS_10_2
S1789646362347_a7532a,P001,Wireless Mouse,1,25.99,2026-09-17,STRESS_11_4
S1789646362350_3ebd44,P004,Ergonomic Chair,1,199.99,2026-09-17,STRESS_14_4
S1789646362347_a92cb9,P004,Ergonomic Chair,1,199.99,2026-09-17,STRESS_2_6
S1789646362371_eaf753,P004,Ergonomic Chair,1,199.99,2026-09-17,STRESS_19_4
S1789646362405_96b205,P003,Standing Desk,1,299.5,2026-09-17,STRESS_9_8
S1789646362409_152541,P004,Ergonomic Chair,1,199.99,2026-09-17,STRESS_21_12
S1789646362428_4f7fa8,P001,Wireless Mouse,1,25.99,2026-09-17,STRESS_18_2
S1789646362459_afa3fd,P001,Wireless Mouse,1,25.99,2026-09-17,STRESS_8_2
S1789646361067_abf167,P005,USB-C Hub,1,19.99,2026-09-17,STRESS_4_0
S1789646362491_dcfe05,P002,Mechanical Keyboard,1,79.99,2026-09-17,STRESS_20_6
S1789646362494_4eb6ec,P002,Mechanical Keyboard,1,79.99,2026-09-17,STRESS_1_10
S1789646362533_7f2e6f,P002,Mechanical Keyboard,1,79.99,2026-09-17,STRESS_13_8
S1789646362553_b88698,P003,Standing Desk,1,299.5,2026-09-17,STRESS_5_12
S1789646362553_e6da0c,P003,Standing Desk,1,299.5,2026-09-17,STRESS_16_6
S1789646361061_33fda5,P003,Standing Desk,1,299.5,2026-09-17,STRESS_12_0
S1789646362594_90b81a,P004,Ergonomic Chair,1,199.99,2026-09-17,STRESS_17_6
S1789646362599_8fcfc3,P002,Mechanical Keyboard,1,79.99,2026-09-17,STRESS_3_8
S1789646362631_06f8ee,P001,Wireless Mouse,1,25.99,2026-09-17,STRESS_14_6
S1789646362635_8e4d5d,P004,Ergonomic Chair,1,199.99,2026-09-17,STRESS_23_10
S1789646362648_7eba39,P004,Ergonomic Chair,1,199.99,2026-09-17,STRESS_6_12
S1789646362659_fc7dc4,P005,USB-C Hub,1,19.99,2026-09-17,STRESS_22_12
S1789646362693_39507f,P001,Wireless Mouse,1,25.99,2026-09-17,STRESS_7_8
S1789646362735_4e1f24,P001,Wireless Mouse,1,25.99,2026-09-17,STRESS_24_6
S1789646362753_655c77,P005,USB-C Hub,1,19.99,2026-09-17,STRESS_10_4
S1789646362774_65f21f,P004,Ergonomic Chair,1,199.99,2026-09-17,STRESS_0_8
S1789646362814_fe7b6b,P005,USB-C Hub,1,19.99,2026-09-17,STRESS_15_4
S1789646362815_bc04e2,P005,USB-C Hub,1,19.99,2026-09-17,STRESS_9_10
S1789646362858_fca3e4,P001,Wireless Mouse,1,25.99,2026-09-17,STRESS_2_8
S1789646362858_7f1772,P001,Wireless Mouse,1,25.99,2026-09-17,STRESS_21_14
S1789646362895_a96fb8,P003,Standing Desk,1,299.5,2026-09-17,STRESS_18_4
S1789646362896_416949,P001,Wireless Mouse,1,25.99,2026-09-17,STRESS_19_6
S1789646362960_757661,P004,Ergonomic Chair,1,199.99,2026-09-17,STRESS_1_12
S1789646362964_2f1170,P004,Ergonomic Chair,1,199.99,2026-09-17,STRESS_13_10
S1789646362970_3d83d4,P003,Standing Desk,1,299.5,2026-09-17,STRESS_11_6
S1789646362998_d471af,P003,Standing Desk,1,299.5,2026-09-17,STRESS_8_4
S1789646363044_b0095a,P005,USB-C Hub,1,19.99,2026-09-17,STRESS_5_14
S1789646363065_9c2c2f,P002,Mechanical Keyboard,1,79.99,2026-09-17,STRESS_4_2
S1789646363108_6689f5,P002,Mechanical Keyboard,1,79.99,2026-09-17,STRESS_22_14
S1789646363109_8b6dc8,P001,Wireless Mouse,1,25.99,2026-09-17,STRESS_17_8
S1789646363131_6f7d5d,P003,Standing Desk,1,299.5,2026-09-17,STRESS_14_8
S1789646363128_91ed81,P004,Ergonomic Chair,1,199.99,2026-09-17,STRESS_20_8
S1789646363191_8fbedd,P005,USB-C Hub,1,19.99,2026-09-17,STRESS_16_8
S1789646363194_425349,P001,Wireless Mouse,1,25.99,2026-09-17,STRESS_6_14
S1789646363232_9a1192,P004,Ergonomic Chair,1,199.99,2026-09-17,STRESS_3_10
S1789646363244_1c270c,P005,USB-C Hub,1,19.99,2026-09-17,STRESS_12_2
S1789646363275_af3292,P002,Mechanical Keyboard,1,79.99,2026-09-17,STRESS_10_6
S1789646363279_c16f68,P003,Standing Desk,1,299.5,2026-09-17,STRESS_24_8
S1789646363315_349c19,P002,Mechanical Keyboard,1,79.99,2026-09-17,STRESS_9_12
S1789646363335_70e8c4,P003,Standing Desk,1,299.5,2026-09-17,STRESS_21_16
S1789646363339_d47549,P005,USB-C Hub,1,19.99,2026-09-17,STRESS_18_6
S1789646363339_c2d172,P001,Wireless Mouse,1,25.99,2026-09-17,STRESS_23_12
S1789646363382_247c9c,P003,Standing Desk,1,299.5,2026-09-17,STRESS_2_10
S1789646363384_b2a2ba,P003,Standing Desk,1,299.5,2026-09-17,STRESS_7_10
S1789646363432_7e5565,P001,Wireless Mouse,1,25.99,2026-09-17,STRESS_1_14
S1789646363434_bf985b,P002,Mechanical Keyboard,1,79.99,2026-09-17,STRESS_15_6
S1789646363435_6a0ef1,P001,Wireless Mouse,1,25.99,2026-09-17,STRESS_0_10
S1789646363465_461956,P001,Wireless Mouse,1,25.99,2026-09-17,STRESS_13_12
S1789646363510_8709bd,P005,USB-C Hub,1,19.99,2026-09-17,STRESS_11_8
S1789646363543_122a1d,P002,Mechanical Keyboard,1,79.99,2026-09-17,STRESS_5_16
S1789646363547_405aef,P003,Standing Desk,1,299.5,2026-09-17,STRESS_19_8
S1789646363556_6812bf,P004,Ergonomic Chair,1,199.99,2026-09-17,STRESS_22_16
S1789646363608_58cd65,P003,Standing Desk,1,299.5,2026-09-17,STRESS_17_10
S1789646363650_b1013f,P005,USB-C Hub,1,19.99,2026-09-17,STRESS_8_6
S1789646363681_da66e3,P003,Standing Desk,1,299.5,2026-09-17,STRESS_6_16
S1789646363719_378003,P001,Wireless Mouse,1,25.99,2026-09-17,STRESS_20_10
S1789646363758_b28a7a,P005,USB-C Hub,1,19.99,2026-09-17,STRESS_14_10
S1789646363765_74fa17,P004,Ergonomic Chair,1,199.99,2026-09-17,STRESS_10_8
S1789646363764_10ef50,P005,USB-C Hub,1,19.99,2026-09-17,STRESS_24_10
S1789646363767_d89e71,P004,Ergonomic Chair,1,199.99,2026-09-17,STRESS_4_4
S1789646363812_dcee73,P005,USB-C Hub,1,19.99,2026-09-17,STRESS_21_18
S1789646363865_4b6c19,P004,Ergonomic Chair,1,199.99,2026-09-17,STRESS_9_14
S1789646363877_d03968,P001,Wireless Mouse,1,25.99,2026-09-17,STRESS_3_12
S1789646363892_3b74bc,P002,Mechanical Keyboard,1,79.99,2026-09-17,STRESS_16_10
S1789646363910_f8951f,P002,Mechanical Keyboard,1,79.99,2026-09-17,STRESS_18_8
S1789646363931_f264fa,P005,USB-C Hub,1,19.99,2026-09-17,STRESS_2_12
S1789646363936_d71b32,P002,Mechanical Keyboard,1,79.99,2026-09-17,STRESS_12_4
S1789646364022_619ae4,P005,USB-C Hub,1,19.99,2026-09-17,STRESS_6_18
S1789646364048_1fab23,P003,Standing Desk,1,299.5,2026-09-17,STRESS_1_16
S1789646364075_8e0dea,P001,Wireless Mouse,1,25.99,2026-09-17,STRESS_22_18
S1789646364078_65a610,P003,Standing Desk,1,299.5,2026-09-17,STRESS_13_14
S1789646364117_cda402,P005,USB-C Hub,1,19.99,2026-09-17,STRESS_7_12
S1789646364119_7e4d12,P003,Standing Desk,1,299.5,2026-09-17,STRESS_23_14
S1789646364148_8e47f5,P005,USB-C Hub,1,19.99,2026-09-17,STRESS_17_12
S1789646364176_315267,P003,Standing Desk,1,299.5,2026-09-17,STRESS_0_12
S1789646364178_1072db,P004,Ergonomic Chair,1,199.99,2026-09-17,STRESS_5_18
S1789646364214_1e6b24,P004,Ergonomic Chair,1,199.99,2026-09-17,STRESS_15_8
S1789646364241_0b50c8,P002,Mechanical Keyboard,1,79.99,2026-09-17,STRESS_11_10
S1789646364246_723720,P001,Wireless Mouse,1,25.99,2026-09-17,STRESS_10_10
S1789646364283_f89da1,P005,USB-C Hub,1,19.99,2026-09-17,STRESS_19_10
S1789646364304_c44511,P002,Mechanical Keyboard,1,79.99,2026-09-17,STRESS_14_12
S1789646364307_9f33c5,P002,Mechanical Keyboard,1,79.99,2026-09-17,STRESS_8_8
S1789646364352_6a4684,P003,Standing Desk,1,299.5,2026-09-17,STRESS_20_12
S1789646364409_34497c,P001,Wireless Mouse,1,25.99,2026-09-17,STRESS_4_6
S1789646364413_5fd41d,P001,Wireless Mouse,1,25.99,2026-09-17,STRESS_9_16
S1789646364468_f5da3b,P004,Ergonomic Chair,1,199.99,2026-09-17,STRESS_18_10
S1789646364491_bbc741,P002,Mechanical Keyboard,1,79.99,2026-09-17,STRESS_24_12
S1789646364521_7315d0,P004,Ergonomic Chair,1,199.99,2026-09-17,STRESS_16_12
S1789646364551_4624de,P005,USB-C Hub,1,19.99,2026-09-17,STRESS_13_16
S1789646364551_65f40c,P003,Standing Desk,1,299.5,2026-09-17,STRESS_3_14
S1789646364573_8bbb53,P002,Mechanical Keyboard,1,79.99,2026-09-17,STRESS_2_14
S1789646364555_bec655,P005,USB-C Hub,1,19.99,2026-09-17,STRESS_1_18
S1789646364664_f62464,P004,Ergonomic Chair,1,199.99,2026-09-17,STRESS_12_6
S1789646364666_08c623,P002,Mechanical Keyboard,1,79.99,2026-09-17,STRESS_7_14
S1789646364667_777d19,P002,Mechanical Keyboard,1,79.99,2026-09-17,STRESS_17_14
S1789646364731_b4ec4d,P003,Standing Desk,1,299.5,2026-09-17,STRESS_10_12
S1789646364792_3ca75a,P004,Ergonomic Chair,1,199.99,2026-09-17,STRESS_14_14
S1789646364792_f7e025,P005,USB-C Hub,1,19.99,2026-09-17,STRESS_23_16
S1789646364812_85b135,P001,Wireless Mouse,1,25.99,2026-09-17,STRESS_15_10
S1789646364845_c4efd4,P003,Standing Desk,1,299.5,2026-09-17,STRESS_4_8
S1789646364875_3819a7,P003,Standing Desk,1,299.5,2026-09-17,STRESS_9_18
S1789646364880_2621b9,P005,USB-C Hub,1,19.99,2026-09-17,STRESS_0_14
S1789646364898_216d1a,P002,Mechanical Keyboard,1,79.99,2026-09-17,STRESS_19_12
S1789646364878_a845c0,P001,Wireless Mouse,1,25.99,2026-09-17,STRESS_18_12
S1789646364930_bbfcec,P004,Ergonomic Chair,1,199.99,2026-09-17,STRESS_2_16
S1789646364971_3046c6,P002,Mechanical Keyboard,1,79.99,2026-09-17,STRESS_13_18
S1789646364972_5b5297,P004,Ergonomic Chair,1,199.99,2026-09-17,STRESS_11_12
S1789646364972_3476de,P004,Ergonomic Chair,1,199.99,2026-09-17,STRESS_8_10
S1789646365013_1254b8,P005,USB-C Hub,1,19.99,2026-09-17,STRESS_20_14
S1789646365041_c0ac96,P001,Wireless Mouse,1,25.99,2026-09-17,STRESS_16_14
S1789646365042_980f1d,P004,Ergonomic Chair,1,199.99,2026-09-17,STRESS_17_16
S1789646365077_15ce9d,P004,Ergonomic Chair,1,199.99,2026-09-17,STRESS_24_14
S1789646365105_a78fbb,P005,USB-C Hub,1,19.99,2026-09-17,STRESS_10_14
S1789646365142_9cefc7,P001,Wireless Mouse,1,25.99,2026-09-17,STRESS_12_8
S1789646365169_ae3c71,P005,USB-C Hub,1,19.99,2026-09-17,STRESS_3_16
S1789646365172_528ff7,P001,Wireless Mouse,1,25.99,2026-09-17,STRESS_14_16
S1789646365247_2d77b2,P003,Standing Desk,1,299.5,2026-09-17,STRESS_18_14
S1789646365266_23d3be,P001,Wireless Mouse,1,25.99,2026-09-17,STRESS_2_18
S1789646365307_810fad,P004,Ergonomic Chair,1,199.99,2026-09-17,STRESS_7_16
S1789646365346_4f1d30,P001,Wireless Mouse,1,25.99,2026-09-17,STRESS_17_18
S1789646365396_d29f97,P002,Mechanical Keyboard,1,79.99,2026-09-17,STRESS_10_16
S1789646365427_9ea6de,P002,Mechanical Keyboard,1,79.99,2026-09-17,STRESS_23_18
S1789646365470_e3b5b1,P003,Standing Desk,1,299.5,2026-09-17,STRESS_15_12
S1789646365531_56a4df,P003,Standing Desk,1,299.5,2026-09-17,STRESS_14_18
S1789646365534_af8fa2,P005,USB-C Hub,1,19.99,2026-09-17,STRESS_18_16
S1789646365562_2cb71a,P002,Mechanical Keyboard,1,79.99,2026-09-17,STRESS_0_16
S1789646365589_1110f3,P005,USB-C Hub,1,19.99,2026-09-17,STRESS_4_10
S1789646365625_2ed93e,P001,Wireless Mouse,1,25.99,2026-09-17,STRESS_11_14
S1789646365638_5ddbd6,P004,Ergonomic Chair,1,199.99,2026-09-17,STRESS_19_14
S1789646365655_5bc979,P004,Ergonomic Chair,1,199.99,2026-09-17,STRESS_10_18
S1789646365675_560e4e,P002,Mechanical Keyboard,1,79.99,2026-09-17,STRESS_20_16
S1789646365675_22fd9e,P003,Standing Desk,1,299.5,2026-09-17,STRESS_16_16
S1789646365707_15766e,P001,Wireless Mouse,1,25.99,2026-09-17,STRESS_8_12
S1789646365721_806484,P002,Mechanical Keyboard,1,79.99,2026-09-17,STRESS_3_18
S1789646365774_06da6f,P001,Wireless Mouse,1,25.99,2026-09-17,STRESS_24_16
S1789646365835_847def,P002,Mechanical Keyboard,1,79.99,2026-09-17,STRESS_18_18
S1789646365839_282548,P003,Standing Desk,1,299.5,2026-09-17,STRESS_12_10
S1789646365867_e95476,P005,USB-C Hub,1,19.99,2026-09-17,STRESS_15_14
S1789646365929_9f7a2b,P001,Wireless Mouse,1,25.99,2026-09-17,STRESS_7_18
S1789646366022_5932e3,P001,Wireless Mouse,1,25.99,2026-09-17,STRESS_19_16
S1789646366024_246c06,P004,Ergonomic Chair,1,199.99,2026-09-17,STRESS_0_18
S1789646366035_4eac95,P002,Mechanical Keyboard,1,79.99,2026-09-17,STRESS_4_12
S1789646366026_4ffd48,P003,Standing Desk,1,299.5,2026-09-17,STRESS_11_16
S1789646366076_b565b0,P004,Ergonomic Chair,1,199.99,2026-09-17,STRESS_20_18
S1789646366087_1b8eb7,P005,USB-C Hub,1,19.99,2026-09-17,STRESS_16_18
S1789646366106_2cd37a,P003,Standing Desk,1,299.5,2026-09-17,STRESS_24_18
S1789646366107_fb420f,P003,Standing Desk,1,299.5,2026-09-17,STRESS_8_14
S1789646366146_e93ed4,P005,USB-C Hub,1,19.99,2026-09-17,STRESS_12_12
S1789646366170_707a93,P002,Mechanical Keyboard,1,79.99,2026-09-17,STRESS_15_16
S1789646366266_f2cbd1,P003,Standing Desk,1,299.5,2026-09-17,STRESS_19_18
S1789646366268_6d9912,P004,Ergonomic Chair,1,199.99,2026-09-17,STRESS_4_14
S1789646366294_a4e0c2,P005,USB-C Hub,1,19.99,2026-09-17,STRESS_11_18
S1789646366336_946072,P005,USB-C Hub,1,19.99,2026-09-17,STRESS_8_16
S1789646366351_b14803,P002,Mechanical Keyboard,1,79.99,2026-09-17,STRESS_12_14
S1789646366374_8373eb,P004,Ergonomic Chair,1,199.99,2026-09-17,STRESS_15_18
S1789646366399_fce417,P001,Wireless Mouse,1,25.99,2026-09-17,STRESS_4_16
S1789646366441_b9c1e3,P002,Mechanical Keyboard,1,79.99,2026-09-17,STRESS_8_18
S1789646366457_b77d97,P004,Ergonomic Chair,1,199.99,2026-09-17,STRESS_12_16
S1789646366475_720a97,P003,Standing Desk,1,299.5,2026-09-17,STRESS_4_18
S1789646366504_15e28a,P001,Wireless Mouse,1,25.99,2026-09-17,STRESS_12_18
S1789654117297_f925fb,P001,Wireless Mouse,1,25.99,2026-09-17,C183
S1789654117297_75797d,P002,Mechanical Keyboard,1,79.99,2026-09-17,C183
S1789654117297_32f579,P003,Standing Desk,1,299.5,2026-09-17,C183
S1789654117297_56dada,P004,Ergonomic Chair,2,199.99,2026-09-17,C183
S1789654117297_290bed,P005,USB-C Hub,1,19.99,2026-09-17,C183
S1789654222809_3c607c,P001,Wireless Mouse,1,25.99,2026-09-17,C417
S1789654222809_25f8fd,P002,Mechanical Keyboard,1,79.99,2026-09-17,C417
S1789654222809_34f39c,P003,Standing Desk,1,299.5,2026-09-17,C417
S1789654222809_cbbcb4,P004,Ergonomic Chair,1,199.99,2026-09-17,C417
S1789654222809_5964c9,P005,USB-C Hub,1,19.99,2026-09-17,C417
S1789654245891_512f4d,P002,Mechanical Keyboard,1,79.99,2026-09-17,C939
S1789654245891_5af1c3,P003,Standing Desk,1,299.5,2026-09-17,C939
S1789654245891_e5b2a1,P004,Ergonomic Chair,1,199.99,2026-09-17,C939
S1789984831340_d0c808,P001,Wireless Mouse,2,25.99,2026-09-21,C_TEST
S1789984925213_5c7e5b,P001,Wireless Mouse,2,25.99,2026-09-21,C_TEST
S1789984925449_131c41,P002,Mechanical Keyboard,1,79.99,2026-09-21,API_TEST
